N,P,K,temperature,humidity,ph,rainfall,label
95.64,18.51,56.06,25.01,91.66,6.38,24.49,muskmelon
99.23,17.06,45.33,25.16,89.19,6.63,50.25,watermelon
36.85,57.17,49.64,32.23,92.29,6.85,156.06,papaya
52.5,64.37,54.07,33.38,89.82,6.04,142.06,papaya
13.33,141.92,188.46,20.03,91.77,5.93,116.97,apple
23.57,26.18,28.84,31.89,54.08,6.18,105.4,mango
22.62,148.45,214.9,20.06,88.11,6.51,142.23,apple
14.26,38.42,46.41,23.73,58.06,3.45,75.94,mothbeans
21.44,44.31,22.62,25.86,91.16,6.33,49.75,mungbean
17.43,65.13,18.16,25.16,71.06,6.71,45.79,lentil
43.67,57.54,20.25,27.62,64.01,7.16,68.91,blackgram
22.4,18.7,27.68,26.08,95.58,5.98,158.69,coconut
22.01,17.75,41.53,21.12,90.55,6.83,105.82,pomegranate
91.67,55.1,42.34,27.28,71.1,6.46,166.54,jute
22.75,16.0,29.39,27.97,93.17,5.64,185.98,coconut
22.21,17.09,46.73,21.61,94.41,6.69,115.49,pomegranate
20.99,125.44,207.24,21.2,87.02,6.0,101.6,apple
80.24,54.14,15.16,25.35,67.1,6.29,59.44,maize
42.37,55.98,51.1,35.35,92.32,6.8,140.94,papaya
101.67,13.18,50.07,28.77,91.69,6.51,25.5,muskmelon
87.76,27.43,36.08,22.73,58.4,7.36,164.48,coffee
45.77,63.23,50.09,32.96,93.24,6.48,155.57,papaya
15.33,13.25,7.54,22.67,92.58,7.12,117.15,orange
55.92,60.98,45.83,36.13,92.04,6.71,127.96,papaya
44.76,75.06,85.57,21.28,18.23,7.02,63.98,chickpea
73.53,45.74,42.9,26.34,76.22,6.4,158.5,jute
20.18,49.79,27.43,27.04,86.97,6.06,28.86,mungbean
19.03,17.28,7.06,26.27,91.33,6.91,105.84,orange
20.78,66.51,21.74,22.94,51.41,5.74,146.66,pigeonpeas
86.32,33.11,35.31,23.52,83.54,6.15,277.05,rice
17.34,13.68,44.79,24.26,84.16,6.99,97.27,pomegranate
22.56,45.62,44.43,25.4,54.16,3.27,32.48,mothbeans
75.07,46.91,38.94,25.5,82.72,6.35,173.84,jute
23.64,70.6,18.02,21.15,65.97,7.15,39.95,lentil
79.48,45.73,33.52,26.74,82.97,6.5,187.73,jute
38.17,58.64,27.14,30.94,63.54,7.4,58.27,blackgram
82.81,46.5,50.89,24.12,76.4,6.83,162.85,jute
35.4,54.35,77.57,20.2,21.88,6.63,84.97,chickpea
37.85,63.54,71.97,17.83,11.49,7.23,80.82,chickpea
20.69,68.22,19.11,21.98,14.6,5.45,63.97,kidneybeans
48.33,54.4,55.29,31.88,91.73,6.79,166.3,papaya
26.57,27.26,36.65,30.68,48.78,6.02,93.75,mango
40.94,63.72,17.96,26.98,64.9,6.94,73.4,blackgram
67.84,47.51,16.05,19.79,65.9,6.92,69.18,maize
22.77,52.53,23.45,28.5,85.31,6.43,59.77,mungbean
71.38,37.24,21.55,26.99,64.97,6.75,60.82,maize
18.85,68.44,19.82,27.15,45.15,5.8,127.24,pigeonpeas
21.05,16.36,27.44,28.96,93.14,5.5,161.12,coconut
95.48,15.56,52.58,31.24,90.96,5.9,28.16,muskmelon
76.51,47.63,22.48,22.36,58.32,6.61,66.11,maize
30.77,64.86,23.12,29.33,61.77,7.28,64.69,blackgram
98.19,31.43,32.5,23.27,62.99,6.58,173.17,coffee
24.22,124.54,207.48,23.77,81.64,5.71,70.6,grapes
17.62,51.5,26.8,27.2,88.04,6.25,54.04,mungbean
103.52,29.66,19.47,24.52,57.81,7.08,155.72,coffee
14.65,70.46,17.58,22.44,28.97,5.47,59.5,kidneybeans
136.98,49.03,18.19,23.89,78.32,6.93,79.63,cotton
19.68,120.06,193.54,21.48,91.01,5.82,120.3,apple
113.5,83.47,54.36,25.74,85.15,5.92,108.33,banana
38.88,62.36,30.74,27.85,63.86,7.12,74.0,blackgram
96.11,17.86,49.06,26.88,80.41,6.05,51.45,watermelon
26.72,15.09,30.68,28.45,95.11,5.72,176.73,coconut
12.29,65.83,24.17,22.47,60.98,6.77,35.28,lentil
17.28,21.29,14.45,21.06,90.99,6.7,102.44,orange
51.43,69.53,54.44,33.82,92.01,6.54,131.75,papaya
17.13,65.85,24.72,28.39,45.34,5.85,133.47,pigeonpeas
17.82,16.08,11.26,19.97,93.25,7.49,107.93,orange
77.94,38.14,32.96,22.22,78.67,6.53,218.71,rice
100.61,15.4,45.9,29.91,89.6,6.03,19.48,muskmelon
16.2,75.74,23.73,27.53,53.68,5.37,137.63,pigeonpeas
106.84,10.78,48.98,26.87,90.6,6.42,30.6,muskmelon
22.41,16.29,28.96,25.34,91.83,5.56,182.29,coconut
78.83,43.79,40.5,24.62,74.4,6.75,151.09,jute
110.83,90.08,58.66,27.58,80.13,6.26,113.78,banana
41.07,62.41,25.92,28.73,65.79,7.17,62.09,blackgram
53.49,55.96,49.32,35.57,94.35,6.54,175.4,papaya
93.67,88.1,47.58,24.03,71.8,6.38,112.4,banana
120.13,54.9,26.32,22.85,81.01,6.47,88.25,cotton
101.16,21.27,57.07,24.94,85.42,6.83,37.99,watermelon
14.71,11.74,9.39,21.68,93.7,7.23,117.26,orange
91.65,27.66,36.77,27.21,55.43,6.76,154.97,coffee
49.19,65.88,77.25,17.96,15.09,7.24,63.84,chickpea
79.7,38.81,35.46,22.42,84.27,6.15,180.45,rice
18.51,41.36,46.6,31.31,53.7,3.8,38.88,mothbeans
16.45,12.07,9.54,20.27,93.81,7.12,109.16,orange
17.74,24.63,32.62,31.51,43.38,5.87,103.78,mango
96.71,24.77,35.06,22.15,47.66,6.35,131.89,coffee
22.15,34.02,44.19,28.29,57.25,3.71,54.66,mothbeans
34.87,67.31,19.43,27.84,65.12,7.12,71.6,blackgram
12.82,18.07,48.47,22.3,89.12,6.51,117.78,pomegranate
74.86,53.25,17.18,19.18,57.22,6.68,47.2,maize
19.86,42.34,37.16,28.69,65.56,3.0,49.74,mothbeans
112.28,49.81,12.98,23.16,72.92,6.69,86.42,cotton
37.22,52.43,48.48,35.14,92.98,6.84,140.25,papaya
14.46,69.53,25.96,32.54,45.98,5.85,158.55,pigeonpeas
21.19,39.05,50.27,29.14,49.48,3.04,48.84,mothbeans
16.34,62.84,19.73,17.57,23.73,6.15,59.2,kidneybeans
114.0,27.76,24.96,24.72,46.87,6.69,167.31,coffee
42.69,70.58,28.58,34.37,62.57,7.49,71.83,blackgram
20.82,67.12,19.25,23.74,69.64,6.64,38.55,lentil
16.51,15.14,30.65,26.14,98.88,5.65,196.23,coconut
79.95,47.4,40.39,22.14,86.57,6.16,179.26,rice
18.16,14.84,9.26,21.34,92.56,6.49,122.45,orange
120.4,13.17,44.58,28.47,96.23,6.05,23.67,muskmelon
113.19,19.59,45.85,24.44,83.09,6.96,38.64,watermelon
23.14,66.9,18.95,19.04,23.19,5.35,76.14,kidneybeans
95.52,19.77,52.03,23.37,81.5,6.06,51.5,watermelon
108.58,76.88,55.79,28.41,87.41,5.87,91.83,banana
23.99,64.67,22.56,27.62,49.62,5.36,151.28,pigeonpeas
10.29,33.07,42.52,30.19,45.17,3.0,54.57,mothbeans
106.28,71.33,54.29,26.53,82.83,6.23,124.29,banana
75.3,56.43,33.53,27.92,84.86,7.27,146.41,jute
127.34,46.85,19.8,26.89,82.32,7.37,58.06,cotton
21.22,16.11,38.51,23.54,88.42,6.7,111.79,pomegranate
23.37,65.15,8.37,27.25,42.81,5.21,131.44,pigeonpeas
44.04,62.13,81.38,19.01,19.18,7.83,83.92,chickpea
77.42,53.75,17.19,21.93,73.85,6.31,78.12,maize
22.58,17.07,26.63,24.67,94.56,5.85,213.83,coconut
22.65,20.65,36.19,21.39,90.44,6.49,127.31,pomegranate
76.55,38.62,28.49,21.48,86.1,6.49,195.02,rice
18.86,74.95,22.72,27.73,45.4,5.6,156.42,pigeonpeas
28.48,132.21,209.92,23.55,86.0,5.8,62.86,grapes
39.89,72.61,18.25,31.46,67.76,7.1,65.29,blackgram
20.85,14.24,31.33,28.02,92.85,5.95,197.25,coconut
39.24,66.03,84.67,19.19,7.18,7.2,81.95,chickpea
42.52,70.13,14.04,26.99,62.27,6.8,75.53,blackgram
18.82,17.44,30.65,24.06,94.92,5.57,191.91,coconut
79.46,45.18,14.88,23.74,68.25,6.47,78.47,maize
100.09,76.12,54.44,30.36,81.37,6.58,86.69,banana
22.98,47.11,46.33,27.32,54.85,3.46,53.66,mothbeans
99.54,85.29,41.96,25.52,79.54,6.57,103.63,banana
29.46,63.07,14.48,19.61,23.89,5.63,79.53,kidneybeans
22.18,18.33,46.59,19.28,88.67,6.61,105.63,pomegranate
42.02,66.88,74.48,18.65,12.46,7.36,75.35,chickpea
24.16,19.08,24.91,29.18,96.09,5.62,203.78,coconut
17.35,15.26,6.61,21.02,89.74,6.96,97.12,orange
22.73,69.04,18.77,26.32,43.57,5.86,168.43,pigeonpeas
95.88,79.26,52.03,27.91,67.82,6.31,122.24,banana
87.74,75.23,55.83,28.75,81.45,5.48,100.7,banana
21.13,139.51,206.32,24.84,88.1,6.0,126.8,apple
19.98,70.34,15.63,18.23,23.78,5.95,62.06,kidneybeans
101.63,17.36,51.57,27.81,92.02,6.12,21.24,muskmelon
23.76,47.96,27.79,30.05,84.04,6.61,47.62,mungbean
13.6,38.91,45.8,26.21,55.57,3.51,34.25,mothbeans
22.6,21.56,34.08,28.07,96.06,5.79,165.85,coconut
71.58,40.37,17.23,21.91,66.22,6.43,63.52,maize
12.47,137.94,185.43,20.08,92.0,5.77,98.06,apple
13.39,13.52,24.16,26.07,94.91,5.83,164.38,coconut
20.7,81.93,21.47,18.37,24.69,5.84,69.2,kidneybeans
16.1,51.52,48.32,26.89,58.01,3.35,43.74,mothbeans
16.13,46.66,21.46,32.19,81.46,6.95,55.78,mungbean
15.01,70.59,21.59,24.34,69.76,6.53,48.74,lentil
106.48,19.82,49.68,22.49,82.0,6.58,52.74,watermelon
22.89,47.56,24.03,29.04,86.08,6.51,47.35,mungbean
17.45,69.29,11.65,26.83,47.84,5.43,135.95,pigeonpeas
15.39,58.56,12.82,25.29,44.45,6.29,142.11,pigeonpeas
20.31,64.03,19.34,28.16,37.36,5.84,135.3,pigeonpeas
13.43,66.12,26.65,19.04,21.92,5.32,58.84,kidneybeans
77.0,48.73,24.83,20.37,66.84,6.38,60.29,maize
81.46,44.26,49.7,26.48,84.98,6.52,194.05,jute
33.46,51.9,79.92,21.6,19.72,7.06,75.08,chickpea
18.52,133.35,209.02,22.67,93.0,5.95,125.61,apple
19.54,12.06,10.12,22.33,92.26,6.94,123.65,orange
123.14,47.45,28.33,24.81,79.44,6.64,72.56,cotton
78.27,41.61,35.86,23.52,86.6,5.97,208.03,rice
21.09,14.71,30.32,27.24,92.09,5.78,176.39,coconut
21.45,146.9,205.15,24.68,80.61,5.98,66.37,grapes
14.49,62.43,17.11,22.12,61.26,6.84,51.7,lentil
111.23,20.08,54.04,24.76,89.54,6.43,49.75,watermelon
28.12,142.73,201.87,21.47,77.31,6.03,64.0,grapes
21.25,141.38,187.18,24.69,79.85,5.77,94.86,grapes
30.01,67.17,21.46,30.75,66.84,7.35,62.6,blackgram
19.84,19.53,44.06,22.66,98.81,6.39,86.47,pomegranate
49.42,74.72,76.56,15.76,16.42,6.47,83.23,chickpea
19.61,18.98,29.83,26.63,91.5,6.14,163.26,coconut
69.77,39.93,25.88,21.58,61.65,6.81,53.94,maize
15.5,56.67,17.95,23.54,67.58,6.48,32.84,lentil
28.66,126.01,198.66,23.09,77.5,5.9,80.08,grapes
104.47,16.8,49.93,22.79,84.1,6.27,53.07,watermelon
79.81,42.75,35.34,25.95,80.87,6.46,149.11,jute
106.98,30.14,30.31,26.73,58.45,7.0,164.21,coffee
103.31,33.13,29.19,21.37,49.5,6.92,146.45,coffee
19.06,67.19,14.21,18.4,20.8,6.49,53.88,kidneybeans
73.46,53.38,32.77,24.33,77.22,6.35,169.96,jute
16.65,44.3,46.54,26.95,59.76,3.63,50.32,mothbeans
17.98,66.59,21.39,18.03,18.3,5.71,54.13,kidneybeans
93.8,90.21,61.8,26.92,85.0,5.68,117.9,banana
18.79,65.35,22.93,19.67,22.26,5.84,49.64,kidneybeans
24.9,17.35,36.99,30.37,93.32,6.65,175.44,coconut
52.11,63.12,40.1,33.17,93.9,6.78,128.05,papaya
47.19,57.02,49.62,33.34,89.19,6.54,144.54,papaya
17.8,47.84,23.78,29.0,83.36,6.82,42.9,mungbean
18.08,25.27,38.74,30.51,53.68,6.0,76.52,mango
18.18,20.74,42.11,21.88,84.9,6.46,109.25,pomegranate
107.49,18.6,46.91,27.4,88.62,6.58,42.8,watermelon
25.86,71.98,21.12,22.52,22.49,5.82,64.47,kidneybeans
71.61,46.47,17.56,21.63,65.28,6.66,59.3,maize
26.39,135.73,182.0,22.73,92.49,5.62,121.88,apple
39.82,70.3,23.36,28.5,56.16,6.99,70.94,blackgram
44.48,65.66,74.54,13.7,13.84,6.94,70.13,chickpea
19.53,132.76,205.85,25.53,81.43,6.1,69.85,grapes
21.79,137.25,188.77,21.85,77.63,6.61,74.3,grapes
110.92,78.22,53.44,26.78,79.26,5.77,124.99,banana
120.4,54.77,24.37,23.54,81.89,6.81,100.55,cotton
75.05,38.39,42.06,22.44,79.53,6.07,204.9,rice
18.25,20.07,37.78,22.28,89.86,6.42,105.64,pomegranate
17.33,46.69,15.77,23.0,86.6,6.78,50.1,mungbean
96.21,99.66,54.35,31.74,85.58,6.07,108.62,banana
76.25,42.67,37.08,29.09,80.9,6.1,165.64,jute
16.4,41.34,21.4,26.31,86.31,6.46,33.75,mungbean
77.7,51.37,15.51,22.76,65.83,6.65,62.89,maize
39.91,65.06,84.62,19.9,13.68,7.12,70.28,chickpea
42.1,62.56,76.81,19.44,14.88,7.52,76.0,chickpea
36.24,64.87,84.74,18.23,11.69,7.28,73.32,chickpea
21.9,137.02,196.82,25.66,92.99,5.51,117.98,apple
72.08,49.16,45.9,22.53,76.86,6.41,197.71,rice
19.67,59.75,16.31,16.99,21.83,5.72,57.78,kidneybeans
53.6,66.81,64.73,34.5,90.67,6.84,142.01,papaya
100.15,31.71,25.16,24.55,56.99,6.33,148.7,coffee
40.83,60.09,17.07,31.68,60.74,6.24,65.73,blackgram
22.43,77.28,15.48,19.95,17.29,5.87,55.81,kidneybeans
20.94,29.4,33.41,30.01,51.42,6.29,106.66,mango
15.5,28.51,39.84,32.56,45.68,6.34,91.83,mango
24.68,18.12,31.02,23.54,92.45,5.55,138.73,coconut
50.31,51.75,45.17,32.38,90.67,6.29,149.05,papaya
19.88,138.2,194.97,22.54,88.98,5.59,106.88,apple
35.77,63.78,84.15,17.33,14.79,6.71,84.24,chickpea
14.54,18.33,41.93,19.65,92.78,6.17,100.06,pomegranate
37.46,66.26,76.73,20.9,16.98,7.09,86.22,chickpea
102.15,17.88,51.07,28.98,92.11,6.3,30.98,muskmelon
7.93,146.63,208.54,26.01,94.47,6.27,125.54,apple
94.22,17.68,55.59,25.66,91.7,5.78,23.03,muskmelon
96.99,22.03,43.67,26.02,90.63,6.05,23.66,muskmelon
22.57,23.85,26.09,29.99,51.2,6.45,74.53,mango
20.08,25.4,43.51,32.35,47.95,5.68,76.2,mango
109.43,54.41,13.05,25.44,79.6,7.47,83.41,cotton
22.23,9.6,25.89,27.34,94.27,5.83,181.64,coconut
19.85,21.11,35.45,21.51,90.88,6.91,82.67,pomegranate
83.28,38.99,38.91,24.1,84.48,6.24,226.11,rice
102.76,14.58,47.7,27.65,88.93,5.79,22.0,muskmelon
101.72,25.48,29.39,20.4,58.85,5.97,171.32,coffee
39.96,55.55,49.73,34.51,89.37,6.66,135.24,papaya
18.72,53.22,46.8,26.27,52.84,3.51,53.78,mothbeans
83.7,40.58,9.78,23.87,58.17,6.43,48.3,maize
18.85,27.73,26.03,31.21,50.75,5.55,104.96,mango
99.2,21.8,53.37,28.61,91.2,6.13,32.03,muskmelon
21.01,66.03,16.98,30.1,56.28,5.55,140.82,pigeonpeas
21.39,46.37,23.39,27.77,84.85,6.76,55.01,mungbean
99.58,26.39,32.43,25.39,69.28,6.75,146.74,coffee
16.2,127.12,197.67,25.33,81.57,6.48,58.64,grapes
17.87,14.62,25.32,23.38,95.44,5.97,175.19,coconut
109.2,46.22,23.27,23.3,70.99,6.84,78.44,cotton
17.37,69.27,16.07,28.12,50.23,5.6,152.56,pigeonpeas
81.22,36.22,32.89,22.35,78.76,6.51,217.63,rice
26.92,138.32,193.84,24.65,91.93,5.87,114.49,apple
16.38,15.84,34.37,21.92,85.58,6.98,107.66,pomegranate
103.7,26.56,28.12,27.31,54.54,6.93,177.67,coffee
38.54,59.18,83.42,17.84,15.46,7.96,82.99,chickpea
128.52,53.71,15.58,24.22,82.7,7.35,87.18,cotton
80.11,47.55,36.58,25.01,86.11,6.41,139.87,jute
16.14,27.85,29.96,30.65,56.69,5.79,81.5,mango
96.92,69.57,57.01,25.45,76.58,5.88,108.27,banana
44.96,58.71,45.98,37.12,93.58,6.86,164.54,papaya
16.14,135.89,207.14,18.25,93.04,5.64,112.69,apple
35.39,75.08,77.39,20.43,20.56,7.3,75.68,chickpea
83.7,42.97,38.45,23.33,78.25,6.28,196.3,rice
19.63,73.63,14.85,25.21,45.08,6.01,127.21,pigeonpeas
13.87,44.02,46.51,28.35,43.78,3.23,49.49,mothbeans
8.58,42.72,15.5,27.49,84.39,6.84,33.13,mungbean
80.64,42.76,30.44,24.56,74.57,6.76,153.63,jute
13.79,24.27,39.89,21.88,91.76,6.99,118.35,pomegranate
25.84,140.42,202.5,19.29,81.05,6.37,74.27,grapes
21.34,43.86,40.88,26.56,63.25,3.5,56.26,mothbeans
76.37,38.54,38.0,24.8,77.49,6.91,191.55,jute
81.95,58.05,19.29,20.4,58.1,6.28,59.67,maize
17.15,14.1,20.97,30.21,97.19,5.6,170.9,coconut
77.41,52.6,18.84,22.53,66.61,6.3,69.92,maize
37.75,67.0,82.01,15.11,9.11,6.83,67.79,chickpea
90.63,83.21,40.66,27.08,74.31,6.14,93.91,banana
75.24,39.46,34.82,22.45,78.41,6.59,200.71,rice
14.8,20.51,34.77,26.44,94.61,5.9,210.51,coconut
72.53,52.12,38.08,26.69,82.14,6.44,164.43,jute
21.06,24.76,31.87,29.91,47.48,5.54,104.26,mango
107.38,20.07,55.84,26.0,89.56,5.97,31.67,muskmelon
17.44,138.06,190.44,22.45,91.8,5.86,109.48,apple
108.45,87.8,54.32,30.64,79.67,6.19,97.99,banana
22.93,68.44,13.38,26.08,47.39,5.73,133.05,pigeonpeas
42.17,68.2,24.01,31.58,70.85,7.1,54.11,blackgram
19.21,15.67,13.1,19.38,87.43,6.94,115.62,orange
39.26,64.67,71.03,19.03,14.4,6.65,51.28,chickpea
98.64,17.84,48.28,25.45,83.22,6.88,49.09,watermelon
83.8,82.95,50.2,26.84,83.96,6.22,108.57,banana
19.8,145.77,201.13,20.41,90.58,5.98,130.58,apple
41.12,71.66,71.91,14.48,11.42,7.38,74.48,chickpea
107.93,29.78,21.8,24.32,69.52,6.81,160.52,coffee
12.52,65.06,20.76,28.9,45.45,5.71,112.68,pigeonpeas
12.96,16.35,6.65,22.34,89.71,6.64,129.26,orange
20.66,141.73,185.46,24.54,88.88,6.44,110.06,apple
17.81,16.44,28.29,24.13,98.38,5.55,178.96,coconut
55.73,55.99,53.55,34.32,88.73,6.42,143.75,papaya
89.04,19.04,50.07,26.21,85.19,6.67,43.48,watermelon
19.39,47.67,49.2,30.44,58.29,3.76,47.48,mothbeans
41.05,61.62,53.03,33.13,89.01,6.7,145.88,papaya
45.98,63.95,78.33,18.03,13.65,7.19,78.79,chickpea
17.99,16.37,49.96,25.67,87.4,6.87,115.99,pomegranate
34.31,72.2,78.62,19.34,12.78,6.53,88.18,chickpea
53.72,61.23,46.97,36.67,89.28,6.67,160.5,papaya
23.46,73.89,19.41,19.39,62.19,7.71,43.15,lentil
22.2,127.6,198.78,21.93,90.95,5.49,111.57,apple
17.57,17.5,40.16,22.15,88.7,7.08,92.97,pomegranate
39.86,75.86,87.31,17.09,14.19,7.14,70.02,chickpea
12.04,28.33,28.49,31.63,52.92,6.39,79.93,mango
45.7,73.59,78.41,13.76,14.18,7.39,79.77,chickpea
19.27,16.6,38.16,22.58,86.51,6.59,96.68,pomegranate
91.47,13.86,53.39,22.43,84.01,6.64,49.47,watermelon
20.96,69.5,21.89,19.15,23.97,5.84,52.62,kidneybeans
24.6,48.48,25.07,28.58,82.53,6.2,35.59,mungbean
99.07,17.62,50.57,28.0,89.82,6.63,26.48,muskmelon
105.14,16.06,56.26,27.27,85.31,6.36,42.22,watermelon
14.68,66.05,23.69,18.74,27.04,5.26,64.88,kidneybeans
109.21,16.4,39.69,28.86,94.55,6.58,21.69,muskmelon
22.42,25.36,29.72,31.18,50.54,6.3,101.44,mango
85.81,36.49,38.36,22.61,77.61,6.09,205.22,rice
42.72,67.02,23.92,31.97,59.0,7.18,65.94,blackgram
40.44,67.99,75.91,17.37,17.85,7.36,78.61,chickpea
119.24,83.3,47.21,24.65,81.87,6.53,102.03,banana
35.74,67.03,12.87,32.3,64.97,7.34,62.73,blackgram
16.22,61.23,24.55,28.68,43.31,5.76,134.61,pigeonpeas
45.75,55.21,48.86,34.34,91.37,7.05,153.62,papaya
27.02,67.09,20.9,29.39,41.65,6.21,153.03,pigeonpeas
13.67,42.3,17.76,23.93,86.14,6.53,34.62,mungbean
22.28,12.74,35.08,21.43,93.83,6.24,150.45,coconut
117.5,41.35,7.13,26.7,82.88,7.06,73.93,cotton
27.09,134.69,195.93,25.92,82.94,5.79,55.72,grapes
21.34,131.1,180.67,21.56,92.47,5.68,95.02,apple
18.4,67.52,18.0,23.38,56.26,6.98,44.68,lentil
91.6,76.17,47.3,25.49,80.9,5.42,91.58,banana
83.96,46.33,37.68,24.64,73.02,6.65,187.39,jute
24.74,141.19,190.67,22.68,89.45,6.07,114.11,apple
19.15,14.06,38.01,21.92,86.7,7.24,96.76,pomegranate
18.08,137.11,195.78,19.82,97.6,5.65,88.39,apple
19.67,48.22,23.81,29.05,85.43,6.54,52.08,mungbean
91.65,11.5,55.09,25.41,91.64,6.53,21.93,muskmelon
95.86,24.39,36.07,26.92,48.69,6.47,158.64,coffee
100.46,30.17,28.89,24.32,57.63,6.71,150.43,coffee
25.91,61.16,20.87,25.81,45.06,5.45,140.88,pigeonpeas
75.83,49.83,47.16,26.6,83.69,6.98,184.92,jute
23.53,64.74,18.12,19.53,19.25,5.68,86.0,kidneybeans
109.79,72.57,44.41,22.43,76.87,6.23,100.03,banana
80.84,49.28,23.93,25.33,70.07,5.95,47.2,maize
74.91,43.78,35.77,21.52,84.56,6.99,152.08,jute
92.73,44.81,17.88,20.75,62.22,6.31,71.89,maize
29.65,74.58,22.41,28.14,46.94,5.41,151.16,pigeonpeas
15.73,24.0,33.17,28.05,55.29,5.84,91.11,mango
26.25,62.91,26.13,20.0,15.4,5.81,44.0,kidneybeans
21.51,13.61,36.66,20.0,84.74,6.73,128.67,pomegranate
99.37,20.14,48.99,25.76,84.88,6.47,52.07,watermelon
39.15,75.18,18.27,29.96,63.59,7.33,87.6,blackgram
76.14,49.11,18.09,24.51,60.53,6.44,55.6,maize
79.6,33.94,36.74,23.05,79.42,5.88,220.13,rice
17.51,47.91,47.48,30.14,47.0,3.0,56.86,mothbeans
15.97,57.19,21.4,15.87,21.38,5.62,71.79,kidneybeans
18.94,23.39,40.79,31.48,45.75,6.26,102.69,mango
123.72,45.82,15.79,22.16,86.34,7.19,99.44,cotton
50.62,53.4,46.33,32.28,90.55,6.6,142.0,papaya
24.95,46.9,40.16,27.38,49.93,3.29,57.83,mothbeans
118.51,48.27,14.92,24.72,79.09,6.98,72.76,cotton
30.2,49.66,20.6,30.36,93.03,6.86,55.59,mungbean
19.2,18.45,4.79,22.17,91.86,7.22,107.75,orange
74.47,43.43,46.86,22.46,77.33,6.53,174.72,jute
36.43,57.9,16.18,27.22,74.52,6.97,64.54,blackgram
22.65,52.94,27.4,29.69,89.49,6.43,38.75,mungbean
97.59,35.19,30.76,25.33,67.93,6.0,142.77,coffee
97.11,90.61,39.03,22.86,80.36,5.87,105.09,banana
17.08,70.79,22.74,31.7,47.12,5.9,151.47,pigeonpeas
45.04,53.03,51.6,33.78,91.61,7.12,154.24,papaya
20.28,111.51,195.79,22.9,92.71,6.07,110.35,apple
15.64,18.61,43.41,23.93,86.32,7.36,116.21,pomegranate
78.2,44.15,20.94,18.89,66.65,6.75,40.06,maize
13.31,37.84,32.08,31.42,53.08,6.21,93.59,mango
21.88,11.7,37.72,26.79,93.71,5.61,175.43,coconut
13.69,137.16,203.35,24.33,92.36,5.4,103.49,apple
16.51,70.88,14.47,24.37,66.26,7.41,38.83,lentil
80.25,39.6,35.73,27.28,81.24,6.53,159.55,jute
15.87,47.98,42.05,27.74,53.36,3.05,43.77,mothbeans
10.79,74.96,21.02,21.0,56.61,7.4,39.1,lentil
26.23,10.9,33.14,24.47,97.77,5.44,195.74,coconut
36.78,53.3,23.74,33.08,63.23,6.92,60.46,blackgram
73.15,36.68,51.22,24.12,84.54,6.48,202.69,jute
18.64,49.5,14.57,28.45,87.66,6.8,32.51,mungbean
110.48,49.53,13.48,25.25,87.13,7.07,86.38,cotton
100.19,19.11,53.18,24.05,83.4,6.69,55.72,watermelon
21.1,131.87,197.77,24.73,91.12,5.98,115.45,apple
27.72,129.52,196.26,21.34,78.77,6.16,69.08,grapes
19.67,14.9,27.46,27.27,93.35,6.05,145.8,coconut
23.94,142.32,207.5,23.66,85.06,5.29,89.52,grapes
100.53,15.57,45.82,22.81,93.31,6.42,34.6,watermelon
79.8,29.66,39.55,21.7,84.01,6.11,181.2,rice
18.17,24.24,31.87,33.62,55.86,5.62,107.89,mango
15.38,29.9,36.11,34.81,64.33,5.73,123.24,mango
101.88,30.03,27.4,27.6,56.0,6.11,149.13,coffee
21.36,18.85,38.3,21.92,90.06,6.46,113.95,pomegranate
104.58,84.38,55.59,27.79,78.75,5.76,102.01,banana
23.41,142.34,219.06,22.63,83.4,6.23,79.73,grapes
76.92,50.8,38.17,22.05,79.34,6.44,183.85,jute
13.95,11.16,10.02,19.35,96.21,6.38,100.4,orange
108.08,42.34,14.03,23.05,77.61,6.19,87.0,cotton
25.57,27.09,31.27,32.62,46.38,6.02,96.26,mango
48.61,65.53,46.43,33.48,87.33,7.22,129.94,papaya
99.46,20.94,46.52,31.73,90.66,6.33,23.59,muskmelon
19.27,34.11,45.89,30.86,45.63,3.32,52.63,mothbeans
68.49,53.12,40.79,24.21,78.49,6.1,185.68,jute
41.41,65.76,87.04,18.98,18.2,7.2,91.73,chickpea
17.71,46.66,49.67,27.55,58.33,3.94,42.67,mothbeans
18.28,19.43,52.65,20.01,86.64,6.47,107.39,pomegranate
103.38,21.45,44.87,28.18,85.85,6.5,46.82,watermelon
22.62,49.05,40.03,28.84,48.72,3.53,39.88,mothbeans
133.2,43.25,15.59,24.59,82.86,7.17,70.38,cotton
52.94,61.3,60.09,34.09,93.15,6.26,133.63,papaya
99.1,19.73,58.06,26.46,84.75,6.91,32.46,watermelon
19.03,35.55,42.73,25.92,49.96,3.46,57.66,mothbeans
84.72,45.79,35.9,23.96,83.24,6.25,237.94,rice
29.28,18.56,37.45,25.74,95.4,6.3,158.87,coconut
18.22,45.57,43.18,23.99,51.06,3.41,55.07,mothbeans
19.03,45.01,50.35,30.54,52.45,3.38,49.55,mothbeans
85.81,55.81,20.13,20.49,67.3,6.3,80.13,maize
76.96,37.64,41.16,21.55,77.78,5.78,195.73,rice
73.84,44.41,23.58,21.41,71.24,6.3,62.79,maize
20.92,14.88,25.66,26.69,94.83,6.06,214.07,coconut
18.24,14.74,10.07,20.82,92.66,6.84,115.62,orange
16.48,17.46,44.47,20.47,89.21,6.81,83.7,pomegranate
18.5,65.41,25.13,20.12,16.55,5.77,69.98,kidneybeans
101.92,18.98,51.16,26.99,86.73,6.41,46.3,watermelon
18.65,46.9,19.57,30.44,82.77,6.37,56.29,mungbean
39.29,67.68,21.91,31.28,67.29,7.36,52.81,blackgram
87.67,41.66,36.26,24.55,82.35,6.35,201.35,rice
78.86,35.62,33.09,23.93,87.73,5.58,211.26,rice
112.3,42.26,12.97,25.98,79.3,6.53,71.74,cotton
103.74,47.76,14.29,25.26,77.51,6.58,88.0,cotton
13.27,61.88,18.88,26.07,50.53,5.48,182.48,pigeonpeas
26.0,19.89,10.04,23.73,88.73,7.76,102.92,orange
45.96,62.91,23.37,28.9,59.32,7.22,80.91,blackgram
16.19,70.49,20.61,25.28,55.53,7.2,40.44,lentil
108.38,87.18,49.91,21.09,77.43,5.81,93.26,banana
15.9,27.46,35.71,33.24,51.15,5.9,97.69,mango
76.54,52.82,24.76,19.54,67.99,6.71,57.02,maize
20.98,141.6,178.42,23.36,91.98,6.06,125.98,apple
13.7,15.49,29.47,19.15,90.54,6.11,89.23,pomegranate
21.49,27.67,36.17,31.49,47.98,6.0,96.18,mango
118.41,46.34,16.82,25.65,72.55,6.74,75.15,cotton
25.57,51.2,23.49,26.07,85.76,6.51,39.96,mungbean
20.08,61.14,26.78,31.79,48.78,6.01,152.63,pigeonpeas
39.2,70.36,80.07,16.5,15.04,6.76,90.76,chickpea
20.58,118.86,198.25,22.46,91.83,5.63,103.64,apple
103.51,35.12,26.85,26.55,59.53,7.09,163.64,coffee
24.8,67.7,12.13,25.77,47.07,5.79,149.15,pigeonpeas
77.33,44.95,35.25,25.54,89.05,6.55,167.2,jute
83.4,50.58,38.85,21.98,80.98,6.42,148.18,jute
72.51,41.56,45.14,21.34,86.47,6.6,161.09,jute
55.49,53.56,43.07,33.99,87.68,7.07,164.31,papaya
21.28,70.4,16.42,28.36,64.97,6.86,52.71,lentil
21.3,126.88,208.81,20.92,82.69,6.21,60.2,grapes
81.36,46.54,31.96,23.18,82.78,6.23,175.26,rice
16.15,12.35,11.19,20.74,88.86,7.29,126.74,orange
17.61,48.85,22.34,27.8,85.83,6.72,46.15,mungbean
16.21,26.27,31.12,30.45,52.93,6.08,113.33,mango
15.07,69.76,22.5,17.61,23.33,5.78,59.61,kidneybeans
22.2,134.48,203.99,25.12,81.71,5.64,59.62,grapes
15.28,54.18,18.61,30.91,85.77,6.05,55.14,mungbean
16.93,20.4,13.28,23.04,91.1,6.74,102.91,orange
14.65,64.94,20.53,27.09,46.91,5.67,148.79,pigeonpeas
109.65,76.38,41.77,29.36,82.93,6.38,114.61,banana
77.51,43.16,51.35,23.18,82.74,5.86,183.0,rice
25.0,70.9,19.84,27.16,37.87,5.38,178.67,pigeonpeas
26.0,18.29,45.58,22.46,91.5,6.6,109.34,pomegranate
97.21,35.25,25.24,24.53,51.92,6.3,178.21,coffee
89.92,17.42,51.19,29.77,95.56,5.89,24.74,muskmelon
33.63,72.24,20.95,28.53,65.29,7.48,75.34,blackgram
51.48,66.41,53.52,35.62,92.59,6.25,130.33,papaya
45.55,58.57,49.62,34.16,97.05,6.81,115.46,papaya
18.43,9.89,41.7,21.3,89.78,6.59,116.68,pomegranate
21.83,74.28,22.82,20.58,21.34,6.12,69.1,kidneybeans
42.73,67.03,76.82,17.78,15.73,6.89,77.41,chickpea
20.55,41.57,16.53,28.2,89.31,6.52,46.11,mungbean
20.52,46.29,18.1,26.35,83.94,6.19,47.39,mungbean
20.28,24.4,28.69,35.0,48.46,6.11,100.41,mango
20.92,57.71,22.41,28.6,51.19,6.02,155.51,pigeonpeas
104.89,12.18,48.6,27.75,92.95,5.48,25.83,muskmelon
20.67,17.42,27.28,30.04,40.63,5.65,75.19,mango
18.06,40.17,44.12,28.98,52.95,3.59,64.51,mothbeans
27.55,69.78,14.66,28.97,40.26,6.02,142.93,pigeonpeas
96.34,15.3,54.05,26.69,93.83,6.67,16.66,muskmelon
84.96,40.07,47.27,22.74,90.16,6.19,182.86,rice
15.84,26.34,34.81,19.29,92.2,6.08,104.18,pomegranate
97.56,21.85,46.7,27.36,90.92,6.27,22.08,muskmelon
16.91,71.15,23.6,28.9,53.92,5.35,175.01,pigeonpeas
24.7,150.93,181.83,18.15,91.51,5.34,115.55,apple
14.92,50.34,22.69,28.77,83.02,6.67,38.54,mungbean
83.46,38.98,41.86,22.4,82.26,5.95,223.36,rice
16.3,68.28,16.42,18.18,17.02,5.9,73.58,kidneybeans
17.03,129.95,185.4,21.55,94.15,5.8,125.31,apple
77.17,45.44,40.32,21.92,79.85,6.2,185.39,rice
20.77,27.24,30.42,29.72,49.71,6.34,96.14,mango
55.14,70.01,56.68,32.45,90.61,6.65,172.77,papaya
21.85,39.1,45.86,29.34,60.64,3.77,56.09,mothbeans
112.62,52.9,21.24,25.65,84.9,7.06,89.28,cotton
16.62,11.24,41.68,21.45,92.91,6.37,99.57,pomegranate
11.8,72.8,18.65,28.85,53.99,5.29,139.36,pigeonpeas
50.06,56.02,52.64,35.09,94.32,6.99,153.37,papaya
18.16,64.22,20.08,23.57,59.3,7.3,52.43,lentil
86.25,47.25,20.5,21.65,65.08,6.17,45.6,maize
45.36,65.18,74.8,15.91,10.1,7.62,68.97,chickpea
90.8,17.42,52.49,29.03,94.13,6.07,22.34,muskmelon
120.91,42.57,13.04,22.14,77.0,7.06,91.52,cotton
17.71,67.51,26.2,16.52,15.13,5.75,65.51,kidneybeans
35.75,64.1,81.94,21.34,17.18,6.64,84.45,chickpea
18.28,39.58,19.17,30.41,81.42,6.28,49.01,mungbean
93.59,19.28,29.45,26.59,57.46,6.54,161.97,coffee
95.91,32.18,33.86,23.15,59.54,7.25,161.23,coffee
18.22,16.03,10.91,20.82,92.39,6.96,108.87,orange
91.95,17.5,39.19,25.97,86.98,6.72,46.84,watermelon
17.23,13.42,10.29,21.55,93.3,6.86,130.62,orange
24.68,137.91,213.65,21.16,86.26,5.25,61.31,grapes
93.94,21.11,30.25,23.94,53.1,6.32,157.41,coffee
24.76,68.06,24.11,30.21,45.18,5.46,151.17,pigeonpeas
16.83,23.3,28.2,31.15,55.97,5.6,91.8,mango
19.28,140.23,180.07,20.3,88.72,5.72,129.54,apple
20.62,25.41,30.47,31.3,47.11,5.73,90.51,mango
14.73,25.68,48.75,21.94,90.77,6.51,112.19,pomegranate
99.29,22.14,33.53,26.02,61.96,7.09,142.62,coffee
17.33,68.46,19.25,23.52,37.4,5.52,156.87,pigeonpeas
110.52,31.5,28.95,22.43,55.18,7.18,175.78,coffee
16.79,150.71,183.83,23.36,80.9,6.57,55.75,grapes
90.79,38.78,22.1,28.04,83.61,7.0,79.79,cotton
16.82,13.3,32.54,20.0,87.23,6.41,113.22,pomegranate
45.38,60.55,52.72,32.28,91.86,6.65,137.72,papaya
17.62,145.49,202.41,20.88,91.5,6.29,112.18,apple
33.62,66.36,16.39,25.61,74.0,7.21,73.33,blackgram
18.35,66.55,19.85,24.54,55.47,5.71,156.65,pigeonpeas
89.31,19.96,46.12,23.44,87.98,5.94,37.81,watermelon
40.95,60.64,46.12,33.5,92.62,6.64,149.46,papaya
32.52,62.41,24.29,29.66,66.4,7.23,74.96,blackgram
23.51,151.45,183.21,25.59,85.99,5.9,77.6,grapes
13.56,65.56,14.69,25.39,67.58,6.38,55.67,lentil
80.13,43.41,38.45,23.32,81.61,6.03,211.9,rice
104.34,22.47,28.51,25.53,55.82,6.79,167.09,coffee
54.63,67.01,54.89,36.54,91.31,6.51,134.32,papaya
41.31,67.97,83.25,17.73,17.17,6.97,82.65,chickpea
94.29,30.7,31.87,22.49,50.67,6.7,181.88,coffee
71.07,34.01,32.96,18.5,88.45,6.76,158.36,jute
18.88,38.6,47.58,26.33,63.92,3.67,45.35,mothbeans
12.59,18.99,41.82,20.64,86.15,7.14,112.9,pomegranate
52.16,52.79,38.65,32.05,91.51,7.47,154.15,papaya
18.85,63.08,26.94,26.29,45.22,5.76,131.97,pigeonpeas
24.33,127.3,188.86,24.63,93.29,5.82,120.68,apple
26.29,64.67,19.4,18.85,19.19,5.76,57.42,kidneybeans
19.05,14.9,6.69,20.08,90.02,6.91,133.42,orange
18.52,38.26,41.43,29.04,54.61,3.55,42.04,mothbeans
83.43,45.68,44.77,23.65,81.05,6.23,184.54,rice
19.47,44.38,14.57,25.84,79.93,6.57,43.21,mungbean
88.88,18.09,46.01,27.15,85.68,6.68,61.29,watermelon
13.89,21.2,38.71,24.54,91.47,6.33,124.1,pomegranate
16.08,16.04,32.11,23.78,92.16,5.86,159.04,coconut
26.2,9.09,34.95,25.91,93.84,5.74,202.77,coconut
79.74,39.92,38.77,23.63,72.7,7.02,162.48,jute
15.99,15.07,48.99,23.11,87.19,7.03,109.41,pomegranate
23.25,61.26,23.28,22.08,16.51,5.42,75.18,kidneybeans
16.8,35.46,43.03,30.0,59.97,3.71,53.43,mothbeans
77.11,50.12,42.93,26.14,85.55,6.36,166.48,jute
23.48,71.44,16.95,19.08,23.73,5.64,75.73,kidneybeans
80.44,33.55,33.52,22.66,87.01,5.92,169.94,rice
16.03,64.51,17.04,23.23,60.82,6.96,47.88,lentil
50.63,58.49,49.51,35.62,95.34,6.78,155.83,papaya
14.19,17.5,43.0,19.58,92.43,6.45,101.2,pomegranate
19.05,17.01,8.88,21.04,90.81,6.99,81.41,orange
47.05,66.51,79.09,19.42,16.7,7.29,82.87,chickpea
79.99,48.53,29.33,29.2,77.7,6.42,170.41,jute
15.84,15.23,33.73,21.57,91.16,6.91,109.89,pomegranate
105.26,52.42,17.1,24.04,71.82,6.5,86.1,cotton
25.16,43.01,39.49,28.7,53.43,3.61,51.53,mothbeans
18.37,44.33,21.18,25.01,89.84,6.4,53.78,mungbean
25.74,135.5,200.79,23.46,81.24,6.15,71.67,grapes
13.26,47.95,19.85,28.29,84.43,7.52,58.88,mungbean
25.49,68.23,17.08,29.65,57.41,6.91,46.44,lentil
108.03,40.71,17.36,23.95,77.37,7.21,83.47,cotton
21.51,62.49,16.52,21.25,16.24,6.19,55.99,kidneybeans
12.75,23.2,17.45,30.73,44.29,6.02,78.75,mango
94.94,17.18,50.62,28.62,93.72,5.92,15.44,muskmelon
21.89,74.42,21.42,18.37,21.0,5.32,71.05,kidneybeans
18.1,14.66,10.66,22.07,90.55,6.35,98.09,orange
22.43,60.41,23.1,26.0,44.24,5.26,142.48,pigeonpeas
77.22,48.22,19.41,23.93,76.05,6.33,46.3,maize
78.99,51.66,39.16,25.3,79.62,6.94,162.98,jute
119.69,29.65,32.96,26.18,61.12,6.86,138.47,coffee
109.57,52.86,19.07,25.13,86.06,6.19,92.79,cotton
68.91,55.74,27.18,20.77,63.06,6.59,63.34,maize
18.04,62.02,18.2,26.74,70.0,6.89,44.3,lentil
15.48,70.11,22.52,17.39,24.58,5.51,67.53,kidneybeans
17.98,16.84,46.53,21.02,85.76,6.54,114.43,pomegranate
53.63,52.51,61.84,35.71,88.63,6.49,158.24,papaya
80.06,35.09,42.31,23.2,80.2,6.02,192.29,rice
14.88,67.95,24.03,25.49,48.92,5.98,150.19,pigeonpeas
94.51,19.07,48.83,31.18,93.0,6.15,24.95,muskmelon
14.42,43.46,18.95,24.81,83.78,6.8,59.42,mungbean
17.53,64.21,15.6,19.88,24.12,5.84,81.74,kidneybeans
69.13,48.92,19.94,23.16,65.6,6.21,71.97,maize
78.58,55.23,45.14,23.16,89.67,6.69,197.43,jute
14.99,68.82,23.55,18.16,10.58,5.76,69.37,kidneybeans
43.97,58.26,85.52,14.68,19.1,7.34,69.09,chickpea
121.15,43.42,26.03,27.09,80.13,7.36,97.83,cotton
20.78,39.9,46.03,30.92,55.24,3.79,48.1,mothbeans
14.67,144.46,205.66,18.75,93.53,6.08,116.49,apple
51.27,58.95,52.2,37.35,93.45,7.08,147.42,papaya
17.22,15.36,41.35,21.57,86.47,7.14,99.53,pomegranate
113.29,43.3,16.45,24.35,89.23,6.68,76.82,cotton
25.98,25.86,22.11,31.58,42.78,6.13,99.12,mango
23.9,138.03,196.41,25.36,78.87,5.37,64.76,grapes
25.38,26.3,35.44,30.62,54.25,5.33,119.19,mango
75.55,36.37,31.2,23.47,52.38,6.55,165.75,coffee
104.06,28.46,28.33,24.81,53.67,6.7,146.23,coffee
127.12,40.58,23.15,28.21,83.06,7.14,81.7,cotton
14.53,47.96,31.48,26.74,50.56,3.69,50.18,mothbeans
21.52,14.94,30.12,25.63,96.22,6.33,172.6,coconut
18.01,15.62,28.31,29.42,93.05,5.66,209.97,coconut
14.58,16.51,31.52,30.07,96.62,6.16,136.07,coconut
17.99,125.63,196.49,21.19,95.7,5.45,116.23,apple
19.23,19.55,11.52,24.23,86.4,6.91,125.69,orange
15.92,26.09,26.24,30.23,55.08,6.03,121.07,mango
11.82,24.68,34.22,32.58,54.57,5.7,111.16,mango
21.81,15.42,7.68,21.77,91.32,7.59,95.29,orange
103.17,83.02,44.92,28.22,76.98,5.97,122.36,banana
12.61,129.83,184.5,22.82,89.77,5.93,112.76,apple
24.19,137.27,217.92,23.22,85.44,5.8,82.29,grapes
42.08,60.92,24.45,28.79,70.55,7.47,72.57,blackgram
22.14,53.82,20.01,19.66,24.7,5.4,65.86,kidneybeans
24.62,133.13,188.16,19.49,82.29,6.05,62.82,grapes
112.52,59.45,16.72,23.13,76.5,7.28,76.27,cotton
13.48,58.17,17.24,20.73,61.88,7.05,37.87,lentil
82.04,83.17,61.51,26.29,79.1,6.09,98.29,banana
17.21,53.39,35.44,30.62,51.88,3.76,50.64,mothbeans
8.21,146.84,204.89,22.66,91.88,5.85,107.83,apple
74.73,46.69,41.48,23.82,85.8,6.36,179.71,jute
13.37,70.46,21.5,22.8,69.83,6.4,33.04,lentil
98.39,26.71,28.09,26.84,57.35,7.01,178.07,coffee
17.94,16.68,13.89,21.84,92.43,6.97,124.85,orange
16.31,60.53,22.77,23.0,57.66,6.85,45.55,lentil
42.59,64.35,15.52,29.98,66.69,7.88,66.16,blackgram
99.61,83.41,27.87,25.38,78.43,6.45,92.04,banana
25.68,64.0,12.53,21.02,18.26,5.94,45.3,kidneybeans
15.34,17.0,43.52,27.0,89.32,6.28,111.83,pomegranate
76.31,41.28,37.47,24.67,81.61,6.98,166.65,jute
37.63,59.52,54.3,32.33,90.33,6.14,169.85,papaya
21.03,67.78,23.14,22.66,63.73,6.62,45.06,lentil
15.07,20.04,32.47,28.57,95.18,5.95,201.29,coconut
20.71,64.27,18.91,22.35,26.36,5.31,73.3,kidneybeans
16.92,60.52,18.18,19.36,23.38,5.53,60.87,kidneybeans
24.56,43.06,39.51,30.84,52.43,3.57,59.88,mothbeans
43.48,60.3,53.87,35.68,93.15,6.55,156.72,papaya
35.89,72.61,79.0,17.98,15.02,7.05,88.25,chickpea
96.27,21.07,49.83,23.19,86.68,6.38,40.2,watermelon
25.2,29.67,27.14,33.36,48.5,5.63,93.28,mango
14.92,23.44,29.36,28.97,51.69,5.93,95.11,mango
83.26,46.9,20.11,22.42,54.79,6.43,53.18,maize
90.74,83.94,41.82,25.94,82.0,5.71,124.26,banana
69.65,37.19,34.94,23.31,79.28,5.58,229.31,rice
15.4,30.8,40.95,29.91,55.58,3.43,49.82,mothbeans
21.35,129.85,192.54,20.03,85.53,6.25,103.0,apple
22.01,72.59,25.79,18.28,15.7,5.58,67.6,kidneybeans
19.66,66.28,18.66,24.3,60.19,6.96,57.24,lentil
36.65,73.96,77.75,18.58,16.78,6.96,88.11,chickpea
20.79,68.56,26.8,21.14,21.76,5.98,54.67,kidneybeans
104.14,52.43,19.48,23.59,81.72,6.97,87.67,cotton
26.53,63.33,27.27,29.55,50.77,5.77,146.27,pigeonpeas
47.99,69.8,77.52,19.39,15.0,7.35,83.7,chickpea
39.34,62.13,84.54,17.76,9.48,7.25,74.65,chickpea
95.3,13.71,44.48,28.87,91.55,5.8,27.39,muskmelon
19.72,131.22,203.38,23.69,82.3,6.53,63.92,grapes
20.57,69.99,20.18,23.15,66.25,6.82,49.45,lentil
16.98,151.86,190.68,24.05,93.69,5.89,106.95,apple
19.77,52.38,20.84,28.42,82.73,6.67,56.28,mungbean
23.0,64.92,15.48,27.1,54.29,5.54,155.38,pigeonpeas
51.16,70.19,81.5,14.4,14.37,6.76,73.79,chickpea
128.76,51.77,17.77,24.46,74.73,7.05,82.74,cotton
26.48,70.39,75.73,14.34,17.53,7.41,78.63,chickpea
11.48,70.84,20.86,29.02,67.63,5.07,175.87,pigeonpeas
21.79,121.12,215.34,23.88,80.42,6.27,73.22,grapes
13.71,136.98,185.62,21.44,91.26,5.88,108.37,apple
23.95,66.62,18.72,19.3,17.66,6.33,48.92,kidneybeans
41.25,65.37,19.5,33.03,67.91,6.89,63.0,blackgram
44.47,58.84,15.38,26.39,64.63,6.99,69.14,blackgram
20.42,73.32,16.61,29.09,49.0,5.78,169.09,pigeonpeas
95.76,27.7,27.88,25.23,54.26,6.32,154.38,coffee
15.27,74.36,16.06,20.76,65.9,6.65,47.57,lentil
120.61,44.24,15.02,24.7,80.8,7.53,73.75,cotton
20.52,19.34,13.31,21.75,93.28,6.89,98.92,orange
10.85,19.04,42.46,26.13,90.47,6.95,104.65,pomegranate
18.52,14.61,14.27,24.34,92.22,6.62,95.29,orange
16.63,123.86,208.91,22.64,92.8,5.69,111.65,apple
20.71,51.15,48.02,26.3,65.43,3.58,60.2,mothbeans
104.65,26.89,31.25,23.04,58.36,6.94,108.59,coffee
16.93,81.19,19.91,23.23,52.97,7.32,34.24,lentil
85.28,48.71,29.28,22.79,65.96,6.41,61.34,maize
78.63,41.33,17.59,22.64,57.04,6.63,59.8,maize
12.15,14.05,46.55,21.45,87.98,6.32,100.34,pomegranate
106.62,18.51,47.29,24.05,91.01,6.21,23.44,muskmelon
80.85,47.87,23.27,24.78,67.79,6.5,46.88,maize
20.8,49.37,17.42,24.68,87.51,5.98,45.46,mungbean
85.76,42.12,40.62,23.43,78.74,6.69,160.91,jute
81.68,42.73,17.5,25.83,64.05,6.57,68.7,maize
15.39,71.62,20.35,23.68,59.41,6.93,32.48,lentil
39.46,69.24,71.15,15.75,12.42,7.04,97.33,chickpea
16.06,43.04,18.31,25.27,83.08,6.81,37.54,mungbean
18.32,15.52,35.49,27.99,91.84,5.6,164.21,coconut
20.35,19.13,43.72,27.23,91.38,5.72,186.26,coconut
117.67,58.36,18.87,23.57,83.46,6.79,80.85,cotton
20.85,73.0,18.03,15.25,23.48,5.51,53.1,kidneybeans
38.87,68.84,83.57,16.39,20.48,6.92,79.79,chickpea
24.51,45.43,41.27,29.98,51.91,3.66,46.18,mothbeans
98.49,20.42,41.56,24.7,63.19,6.33,169.95,coffee
47.94,60.79,14.5,27.81,65.66,7.13,75.4,blackgram
102.79,47.02,18.27,27.36,83.71,6.71,83.73,cotton
70.49,55.22,19.67,24.23,66.71,6.64,65.7,maize
16.66,48.82,37.29,26.73,55.98,3.31,48.11,mothbeans
15.32,71.99,13.38,25.29,58.5,7.28,46.29,lentil
20.03,63.7,22.8,19.84,22.97,5.54,43.47,kidneybeans
93.25,71.54,50.94,27.56,85.96,5.62,118.86,banana
106.19,15.06,51.81,23.98,85.55,6.77,40.18,watermelon
25.27,138.15,201.76,25.05,78.6,5.91,70.92,grapes
18.53,61.75,18.2,24.07,65.34,6.57,54.58,lentil
47.64,66.59,14.97,25.83,58.64,6.59,81.78,blackgram
82.42,49.43,40.87,23.26,81.78,5.42,199.47,rice
12.48,21.98,37.48,20.78,84.7,7.22,91.53,pomegranate
25.75,27.66,30.05,34.27,42.84,5.61,78.84,mango
14.04,14.8,31.69,25.35,95.17,5.82,195.88,coconut
118.33,42.78,20.05,23.34,83.52,7.0,76.85,cotton
13.24,42.64,35.12,29.5,42.67,3.51,33.38,mothbeans
17.73,51.16,20.84,26.03,85.98,6.84,46.49,mungbean
19.84,63.11,14.86,20.4,52.88,6.74,42.59,lentil
24.99,117.46,198.13,21.69,80.39,6.29,72.05,grapes
20.59,62.59,17.15,30.37,55.18,5.63,150.69,pigeonpeas
92.68,82.76,46.98,29.36,85.24,6.26,108.67,banana
78.82,46.17,20.74,19.31,60.14,6.86,53.43,maize
119.62,93.9,50.07,27.77,85.44,5.96,97.12,banana
94.16,16.3,53.44,29.1,90.59,6.05,28.28,muskmelon
26.54,149.41,191.67,23.8,80.18,5.41,65.9,grapes
13.72,68.35,21.59,20.61,68.1,7.15,52.63,lentil
96.83,15.28,54.36,26.02,84.44,6.92,48.3,watermelon
97.0,86.2,38.75,29.36,84.21,6.03,102.28,banana
11.01,125.0,192.03,21.99,91.71,5.76,119.9,apple
17.48,29.4,31.54,29.38,57.1,6.09,102.3,mango
21.35,49.46,45.02,29.24,61.19,3.61,52.49,mothbeans
100.94,83.42,44.37,26.23,79.18,6.48,80.03,banana
18.64,10.43,11.46,19.79,92.2,6.84,97.07,orange
19.4,15.94,9.65,21.78,91.77,7.26,117.31,orange
19.48,132.93,189.68,23.88,92.15,5.75,106.03,apple
78.75,42.51,39.59,25.92,83.63,6.8,168.16,jute
18.46,27.73,25.86,31.87,46.19,5.96,103.78,mango
76.64,43.74,43.05,22.98,82.35,6.38,188.17,rice
16.52,138.04,196.81,25.11,86.59,5.36,62.0,grapes
39.16,64.64,69.1,19.5,12.78,7.07,100.74,chickpea
51.46,62.82,47.72,35.01,91.34,6.92,148.55,papaya
88.53,37.59,26.79,22.42,64.52,6.34,63.99,maize
103.66,15.04,44.91,26.37,91.09,6.19,35.83,muskmelon
52.21,62.6,50.39,35.78,97.09,7.21,138.16,papaya
76.65,44.95,51.18,26.62,89.92,6.55,173.47,jute
69.56,43.38,14.59,20.05,70.27,6.22,86.32,maize
14.65,126.91,188.79,20.54,91.04,5.87,125.39,apple
25.55,65.49,9.59,27.28,47.68,5.4,142.27,pigeonpeas
111.57,27.01,27.25,24.9,61.18,6.8,194.72,coffee
12.44,130.63,204.38,22.91,94.71,6.16,111.57,apple
18.92,8.27,31.78,26.92,96.69,6.01,148.38,coconut
16.29,64.01,19.12,24.87,62.03,7.06,47.45,lentil
19.14,31.57,30.6,32.42,55.16,6.12,85.3,mango
90.47,13.67,58.56,28.09,91.51,5.94,27.24,muskmelon
85.18,50.41,42.78,26.23,77.54,7.26,175.78,jute
132.14,56.74,16.65,20.0,71.61,7.3,79.53,cotton
19.13,19.42,10.88,23.17,88.66,7.11,101.18,orange
17.14,18.74,38.65,18.91,94.78,6.73,124.17,pomegranate
42.82,75.18,18.12,30.14,66.96,7.72,47.01,blackgram
76.1,37.56,37.04,22.14,82.15,5.75,205.41,rice
24.72,41.86,45.23,28.1,50.49,3.09,52.58,mothbeans
86.01,14.88,52.48,29.29,90.64,6.21,22.01,muskmelon
94.24,17.55,62.01,23.27,91.12,7.1,49.22,watermelon
14.2,70.4,16.38,23.59,58.84,7.15,38.3,lentil
20.71,69.0,20.52,27.85,42.02,6.14,177.11,pigeonpeas
25.88,132.44,196.55,24.87,78.78,5.9,70.21,grapes
23.52,39.61,51.88,28.63,56.44,3.94,41.11,mothbeans
16.59,18.48,45.78,20.78,86.98,6.78,85.48,pomegranate
67.22,46.81,44.31,21.76,81.8,7.1,208.98,jute
95.97,18.18,45.37,22.58,88.73,6.72,50.53,watermelon
94.78,25.93,28.12,26.44,55.96,6.45,149.73,coffee
64.82,48.35,44.94,25.89,77.44,6.36,183.9,jute
16.66,136.69,192.48,20.61,91.85,5.9,97.76,apple
71.16,54.5,49.02,24.53,78.52,6.88,184.91,jute
22.71,12.65,12.47,25.36,92.0,6.75,111.48,orange
20.58,19.67,26.67,29.64,46.02,6.06,93.39,mango
20.74,77.12,20.03,18.62,19.57,5.65,78.73,kidneybeans
96.91,14.92,49.66,22.19,84.77,6.95,45.11,watermelon
18.8,76.52,26.5,32.44,47.2,5.79,127.25,pigeonpeas
107.95,44.16,6.67,24.8,77.42,7.23,83.9,cotton
15.88,16.02,6.75,18.15,93.45,7.17,115.61,orange
110.66,16.2,56.61,25.35,81.93,7.05,57.93,watermelon
103.54,15.9,48.05,31.94,93.88,6.07,27.85,muskmelon
119.08,52.58,16.72,24.81,79.72,7.03,73.45,cotton
24.56,74.9,15.94,17.38,15.97,5.63,69.66,kidneybeans
34.92,67.31,81.14,19.39,16.53,6.89,71.72,chickpea
37.45,67.75,22.08,34.76,70.14,7.35,62.94,blackgram
9.5,74.8,21.28,20.51,60.96,7.37,56.58,lentil
77.53,47.15,29.19,24.16,84.02,6.57,161.73,jute
15.65,20.56,41.24,21.98,92.64,6.84,124.36,pomegranate
106.37,18.92,51.78,26.68,91.6,6.28,27.75,muskmelon
20.55,16.39,28.76,26.66,90.83,6.01,186.66,coconut
106.08,76.96,58.23,27.28,77.31,6.2,115.72,banana
96.03,22.4,60.11,31.66,91.61,5.77,13.28,muskmelon
104.97,87.69,48.16,24.53,85.1,5.97,125.76,banana
70.65,40.68,20.9,24.09,73.42,6.36,70.79,maize
22.5,68.37,22.08,29.28,66.99,6.91,50.78,lentil
22.95,131.08,205.87,21.64,80.91,6.12,69.33,grapes
107.62,25.25,28.21,23.02,56.95,6.91,157.02,coffee
37.46,66.87,70.15,16.61,14.77,6.84,81.52,chickpea
24.67,49.65,11.29,26.94,84.31,6.74,27.0,mungbean
11.38,66.85,19.41,23.89,63.28,6.91,53.18,lentil
33.55,66.28,23.39,25.62,73.67,7.34,63.4,blackgram
103.88,76.91,51.83,25.54,76.41,5.81,100.5,banana
92.36,49.61,40.94,24.64,79.01,7.05,166.17,jute
23.57,22.55,27.37,32.99,46.19,5.91,110.76,mango
18.73,41.09,43.7,31.2,57.01,3.76,38.67,mothbeans
21.52,42.22,44.35,31.34,48.29,3.98,47.42,mothbeans
102.99,19.98,56.1,29.03,85.73,6.58,37.81,watermelon
34.23,68.34,15.71,28.96,72.63,7.25,69.58,blackgram
23.6,15.07,12.36,23.69,91.43,7.39,75.1,orange
104.74,15.6,46.01,27.04,81.13,6.41,52.63,watermelon
15.15,142.78,184.94,18.36,95.74,5.38,117.21,apple
18.36,124.21,169.27,19.92,94.23,5.68,112.97,apple
93.09,29.25,31.67,21.41,52.39,6.97,168.14,coffee
33.01,73.01,19.72,31.68,65.49,6.75,75.51,blackgram
87.73,19.26,44.59,24.32,89.4,6.08,37.74,watermelon
104.35,44.51,21.47,24.83,78.46,6.96,81.07,cotton
83.12,51.79,21.12,22.21,64.69,6.27,57.19,maize
37.6,79.7,18.84,27.19,65.33,7.16,84.73,blackgram
20.69,135.36,199.22,24.19,79.35,5.85,71.87,grapes
36.04,65.46,69.53,18.43,16.0,6.75,86.59,chickpea
22.7,145.3,192.1,22.81,82.43,5.83,70.53,grapes
26.37,16.28,30.54,24.11,93.38,5.83,160.08,coconut
102.88,89.12,44.21,26.17,77.1,6.09,100.69,banana
16.4,42.18,24.32,29.89,87.46,6.92,40.97,mungbean
29.4,41.42,42.92,27.87,54.98,3.58,60.27,mothbeans
119.97,41.44,20.04,22.75,78.89,7.21,89.09,cotton
21.59,76.05,19.13,17.3,18.39,5.37,57.15,kidneybeans
121.55,46.25,19.68,20.23,78.51,6.7,73.41,cotton
100.0,13.77,51.68,24.08,88.14,6.73,46.03,watermelon
20.42,16.1,34.36,26.77,94.03,5.72,182.75,coconut
25.91,138.55,219.01,22.42,83.08,5.91,80.9,grapes
16.39,141.47,204.2,21.36,95.2,6.27,126.19,apple
46.35,56.88,47.49,35.75,91.38,6.16,145.28,papaya
83.53,41.4,36.89,22.79,80.52,5.82,216.99,rice
108.07,16.51,55.98,24.04,85.81,6.56,49.64,watermelon
98.5,29.45,29.22,26.53,50.41,7.2,162.88,coffee
18.64,134.77,201.42,21.99,95.41,5.5,114.23,apple
31.14,148.94,198.43,22.84,83.09,5.9,57.43,grapes
17.77,28.72,33.08,35.39,54.78,5.98,86.1,mango
12.08,13.84,27.5,28.89,93.98,6.24,151.15,coconut
24.88,77.34,15.51,27.16,62.0,6.94,44.49,lentil
18.83,46.7,21.97,28.58,80.01,6.26,55.44,mungbean
106.65,14.23,50.5,27.33,91.73,5.93,22.94,muskmelon
23.62,19.39,29.2,30.98,92.82,5.97,179.41,coconut
21.61,13.57,6.25,21.43,95.14,7.19,118.45,orange
107.54,16.95,48.33,29.13,92.55,6.61,31.46,muskmelon
20.03,21.63,10.31,23.2,90.05,7.23,103.68,orange
14.98,66.36,17.76,22.14,58.26,6.03,144.36,pigeonpeas
26.5,123.11,219.31,21.48,92.07,5.47,105.74,apple
40.49,68.54,77.04,18.54,14.97,7.19,76.3,chickpea
41.39,65.96,17.75,31.72,68.77,6.92,78.82,blackgram
104.14,34.23,33.4,23.32,61.17,6.5,162.56,coffee
31.8,73.22,14.6,16.36,22.93,5.86,70.49,kidneybeans
21.29,12.18,24.73,22.57,95.64,6.15,190.18,coconut
40.97,65.23,80.69,17.41,16.51,7.4,69.93,chickpea
22.37,41.38,44.02,27.1,49.05,3.5,48.28,mothbeans
18.01,44.09,40.05,27.93,48.94,3.17,52.07,mothbeans
24.34,137.13,185.06,23.23,79.18,5.85,78.44,grapes
43.77,68.91,85.45,19.35,15.58,6.63,77.91,chickpea
15.7,14.12,13.62,20.37,92.36,7.07,125.57,orange
17.54,67.19,20.32,22.23,64.66,6.79,34.44,lentil
42.5,58.54,18.32,28.37,70.14,7.32,47.26,blackgram
105.5,79.39,44.95,26.04,79.82,6.4,81.79,banana
26.1,12.44,33.33,28.64,92.05,6.5,179.17,coconut
22.76,15.73,13.53,24.27,92.86,7.15,115.07,orange
73.59,39.29,40.6,23.51,84.13,5.66,169.32,rice
12.2,45.25,11.13,30.74,82.74,6.98,55.57,mungbean
14.38,17.45,31.26,24.9,92.16,5.89,181.3,coconut
22.07,129.39,198.43,24.59,75.36,5.53,62.63,grapes
13.92,31.85,46.94,27.81,50.43,3.57,49.52,mothbeans
22.86,19.45,30.26,30.36,98.8,6.06,157.13,coconut
14.97,65.91,18.77,23.85,22.73,5.29,59.35,kidneybeans
26.01,15.63,28.53,26.31,95.72,6.01,180.24,coconut
26.38,48.39,40.94,27.9,52.2,3.6,61.61,mothbeans
100.47,79.64,38.54,27.94,87.89,6.14,112.31,banana
14.9,16.95,14.1,22.56,93.62,7.33,124.84,orange
109.46,18.83,46.17,23.13,87.02,6.43,34.59,watermelon
104.82,31.55,29.84,24.16,56.25,6.71,158.74,coffee
44.22,68.96,20.81,26.84,66.25,7.14,75.29,blackgram
106.45,19.55,43.42,27.07,93.65,6.31,19.63,muskmelon
99.97,28.08,22.93,26.33,58.91,7.0,155.0,coffee
108.39,17.04,47.89,30.09,92.24,6.07,30.77,muskmelon
15.81,139.5,194.83,23.84,94.42,5.61,124.52,apple
94.71,72.56,43.68,28.99,81.02,5.96,98.89,banana
87.48,45.39,18.32,21.44,58.28,6.22,49.96,maize
100.83,18.17,50.69,30.38,92.69,6.28,30.21,muskmelon
40.41,63.36,25.99,32.08,62.3,6.6,64.14,blackgram
15.28,129.02,177.53,24.01,94.54,5.7,111.42,apple
42.52,68.45,16.97,28.97,60.01,7.54,68.13,blackgram
20.6,46.82,45.04,23.83,53.8,4.16,47.12,mothbeans
101.58,15.63,55.36,22.78,85.97,6.04,51.63,watermelon
94.15,98.33,55.07,29.2,81.97,5.52,109.74,banana
97.25,17.62,43.27,28.7,88.57,6.44,46.76,watermelon
22.42,56.52,37.6,30.52,58.73,3.21,58.06,mothbeans
73.95,30.65,38.24,23.02,87.03,6.1,195.62,rice
28.71,14.03,24.76,23.52,96.15,5.8,170.43,coconut
18.73,29.4,26.38,31.28,51.57,5.55,101.08,mango
27.03,133.19,189.63,27.18,78.75,5.35,73.58,grapes
20.64,13.7,41.65,20.37,88.9,6.85,113.26,pomegranate
15.3,62.52,22.39,17.1,22.85,5.29,73.48,kidneybeans
21.72,122.1,191.79,23.98,81.18,6.58,69.81,grapes
70.01,41.95,49.51,23.96,87.68,6.33,156.04,jute
84.98,35.72,40.36,22.52,83.44,6.1,220.75,rice
111.76,43.69,21.82,25.92,79.61,6.88,84.64,cotton
22.31,46.36,25.63,27.03,88.87,6.59,43.13,mungbean
37.15,61.1,19.14,27.62,70.63,6.97,66.22,blackgram
21.0,76.98,32.44,20.21,20.27,5.86,73.88,kidneybeans
79.31,38.49,32.61,22.28,80.62,6.32,206.87,rice
23.95,136.84,194.81,24.46,78.22,6.39,62.66,grapes
15.27,129.7,196.81,19.67,94.94,5.4,131.15,apple
20.05,22.17,48.94,21.51,83.1,6.45,101.88,pomegranate
24.68,67.67,20.32,29.11,43.69,5.71,117.71,pigeonpeas
72.58,44.32,24.94,24.18,68.05,6.17,56.84,maize
87.57,43.77,16.03,17.69,61.81,6.1,76.42,maize
22.56,128.33,193.78,19.04,87.42,5.47,96.16,apple
20.44,73.64,21.25,26.79,50.28,5.56,139.58,pigeonpeas
20.03,16.35,35.19,28.29,95.4,6.12,172.23,coconut
21.87,73.73,22.09,27.8,59.36,5.97,158.61,pigeonpeas
49.85,56.92,53.53,34.47,92.11,7.17,155.93,papaya
52.03,60.23,42.91,33.34,90.77,6.56,126.44,papaya
44.69,58.96,75.19,16.46,13.18,7.25,78.06,chickpea
23.64,14.11,10.3,20.49,93.69,6.84,108.83,orange
88.98,43.27,39.72,23.28,78.62,6.73,202.58,rice
16.61,17.14,12.07,22.29,95.21,7.14,120.96,orange
16.47,55.23,18.49,23.35,65.95,6.85,42.44,lentil
24.12,25.48,28.38,33.27,57.99,6.19,88.45,mango
109.9,80.47,47.25,27.95,75.75,6.31,92.33,banana
117.0,65.36,48.92,30.45,80.49,6.23,106.2,banana
72.78,32.6,38.53,26.8,77.55,7.34,170.38,jute
18.49,132.43,195.98,20.51,78.93,5.94,67.85,grapes
55.42,58.15,45.23,30.92,89.56,6.96,141.19,papaya
22.15,141.55,201.34,25.33,91.64,5.99,124.66,apple
29.1,129.44,219.21,25.78,80.54,5.46,68.81,grapes
95.56,15.12,41.16,25.04,84.84,6.7,50.55,watermelon
129.68,46.1,12.22,24.73,77.21,7.16,86.96,cotton
25.69,75.69,23.92,19.17,17.77,5.45,70.23,kidneybeans
106.21,22.95,54.77,29.34,82.23,6.25,40.49,watermelon
16.54,73.4,24.17,29.17,47.35,5.87,139.4,pigeonpeas
14.32,65.04,20.08,21.61,56.53,6.26,50.77,lentil
95.21,14.88,48.7,25.03,92.17,6.67,25.68,muskmelon
102.51,80.1,51.89,27.88,83.33,6.38,105.94,banana
16.21,59.63,18.67,24.07,64.8,7.31,43.11,lentil
17.96,142.82,201.13,20.94,93.61,5.55,116.14,apple
19.47,71.13,18.25,15.79,28.0,6.11,52.08,kidneybeans
18.58,24.63,31.31,29.84,52.0,5.6,92.61,mango
87.77,46.1,19.19,20.84,59.93,6.31,47.76,maize
22.3,11.73,7.08,22.46,90.55,8.01,116.19,orange
25.32,26.52,24.64,30.03,42.56,5.66,98.89,mango
23.1,13.36,24.87,26.86,92.19,6.14,189.66,coconut
85.22,46.78,42.07,24.88,79.68,5.63,164.43,rice
15.3,17.29,5.63,23.21,93.26,6.5,128.6,orange
101.3,22.66,24.47,25.03,55.98,6.31,129.59,coffee
124.83,54.55,23.84,24.88,83.62,6.63,87.76,cotton
21.75,67.93,21.7,28.44,54.39,5.41,139.85,pigeonpeas
39.7,63.99,16.47,28.3,63.29,7.23,65.78,blackgram
94.45,19.75,55.93,26.02,91.02,6.14,38.16,muskmelon
23.43,55.39,16.78,30.15,79.49,6.24,40.33,mungbean
89.47,29.72,25.78,22.57,53.83,6.86,173.88,coffee
93.14,35.96,35.8,22.4,75.63,5.84,184.82,rice
100.84,18.35,51.05,28.92,92.87,5.77,28.18,muskmelon
41.31,69.92,45.17,33.68,92.52,6.61,141.65,papaya
51.41,55.2,45.89,35.89,91.84,6.79,141.4,papaya
14.59,39.08,21.65,27.57,87.14,6.81,50.12,mungbean
24.84,131.88,203.08,23.54,83.0,5.54,65.37,grapes
26.52,28.48,27.64,28.49,51.98,5.96,110.74,mango
22.81,49.59,21.98,28.0,87.24,7.08,45.72,mungbean
41.51,70.83,85.13,17.8,15.39,6.74,71.73,chickpea
79.25,49.36,14.89,19.84,70.27,6.49,66.82,maize
24.11,34.9,31.51,30.63,55.16,6.44,90.2,mango
15.33,11.67,46.7,20.63,93.49,7.02,91.57,pomegranate
20.99,13.61,40.5,26.66,96.59,5.43,165.46,coconut
21.0,17.24,29.26,30.59,43.18,5.72,103.1,mango
72.99,58.73,15.25,22.62,68.17,6.62,58.15,maize
18.8,16.85,31.83,28.4,94.92,5.9,163.55,coconut
20.83,46.54,39.52,26.24,61.99,3.28,63.25,mothbeans
100.18,85.75,51.16,29.62,79.7,5.94,112.11,banana
24.86,18.16,21.93,29.65,94.19,6.02,159.43,coconut
74.06,37.17,40.5,22.5,77.35,6.02,178.75,rice
17.57,64.36,15.77,30.45,46.71,5.81,141.44,pigeonpeas
88.43,26.64,28.1,24.86,58.18,6.74,118.77,coffee
45.35,66.87,74.59,17.67,13.77,6.8,78.55,chickpea
22.31,18.62,29.34,32.36,92.79,6.42,173.9,coconut
21.03,60.79,21.34,27.69,38.46,5.44,143.8,pigeonpeas
46.24,55.14,53.27,31.86,94.67,6.93,146.31,papaya
104.14,16.53,53.82,28.8,91.15,6.26,24.26,muskmelon
17.2,41.81,22.66,26.41,83.15,6.17,44.14,mungbean
78.58,37.57,40.41,25.31,76.4,6.21,167.75,rice
107.22,29.41,31.4,27.54,57.25,6.37,174.52,coffee
33.92,61.39,21.84,30.04,65.31,6.87,64.95,blackgram
22.61,17.67,41.5,23.67,88.11,6.96,74.51,pomegranate
25.82,129.3,196.76,26.34,94.89,5.3,119.65,apple
96.25,12.24,48.96,26.25,90.42,6.14,46.59,watermelon
45.12,69.96,82.89,16.9,13.55,7.0,78.3,chickpea
94.61,10.84,51.8,25.14,86.67,6.43,46.56,watermelon
105.34,81.83,58.19,28.33,76.71,5.69,114.82,banana
99.51,26.97,31.44,24.34,67.09,6.76,150.2,coffee
97.87,27.91,28.21,27.91,52.38,6.51,126.26,coffee
24.78,62.09,18.14,19.92,24.13,5.62,59.02,kidneybeans
27.42,46.12,43.27,24.78,51.69,3.4,57.68,mothbeans
86.34,18.85,51.73,22.98,80.41,6.96,61.31,watermelon
38.04,61.91,14.89,29.25,69.22,7.28,63.03,blackgram
92.54,76.02,54.13,26.11,76.58,5.81,113.39,banana
111.82,41.14,20.86,25.82,83.75,7.13,78.66,cotton
16.3,71.45,24.14,15.31,17.28,5.25,58.5,kidneybeans
71.86,46.71,13.33,22.8,68.24,6.36,75.74,maize
96.17,13.25,47.85,27.52,92.54,6.38,20.86,muskmelon
21.74,16.56,13.89,22.45,89.03,7.44,98.63,orange
18.89,23.0,29.38,22.83,96.41,6.78,126.81,pomegranate
80.58,53.15,20.96,21.48,64.02,6.48,59.63,maize
111.29,19.84,54.67,28.74,89.77,6.29,29.85,muskmelon
26.77,134.45,195.77,28.3,80.72,6.35,64.99,grapes
48.95,63.68,53.5,34.25,89.82,6.27,147.6,papaya
100.41,13.32,48.4,30.78,92.64,6.29,34.48,muskmelon
16.25,14.9,10.09,21.3,93.81,7.07,120.89,orange
106.41,15.91,48.92,27.73,90.44,6.17,23.65,muskmelon
80.73,45.45,36.45,26.3,83.36,6.04,163.25,jute
21.0,138.35,222.43,22.49,76.0,5.4,67.5,grapes
81.45,51.62,46.06,24.17,76.22,6.68,159.29,jute
58.02,47.24,38.5,23.03,81.26,7.05,166.43,jute
98.48,31.58,29.37,24.79,55.62,6.75,169.95,coffee
114.98,42.86,19.87,24.13,79.9,7.02,75.7,cotton
22.43,17.42,41.09,24.58,89.6,6.3,132.72,pomegranate
111.73,51.87,14.79,22.04,79.79,6.67,71.15,cotton
19.08,66.78,13.88,20.03,23.29,5.68,76.24,kidneybeans
22.79,15.83,8.57,20.67,91.52,6.87,116.64,orange
103.57,22.7,28.3,23.55,59.79,6.8,162.22,coffee
25.73,72.41,14.75,20.24,26.32,5.82,75.91,kidneybeans
15.88,128.74,190.8,23.84,79.09,6.22,66.12,grapes
22.86,140.25,228.15,21.2,80.69,5.65,84.92,grapes
42.45,70.17,84.55,18.82,15.28,7.2,99.0,chickpea
18.48,24.48,36.55,29.44,53.68,5.83,90.4,mango
19.19,15.76,38.6,19.19,89.68,7.03,115.22,pomegranate
60.51,55.18,55.02,33.21,89.83,6.73,155.74,papaya
11.15,74.67,14.3,18.47,19.28,5.88,49.02,kidneybeans
104.86,24.16,22.35,26.11,66.72,6.4,173.33,coffee
20.62,18.97,44.12,21.67,93.61,6.7,107.69,pomegranate
18.19,55.63,16.45,29.54,87.07,6.98,42.66,mungbean
45.72,52.22,46.76,33.34,87.26,6.64,159.87,papaya
24.95,64.71,19.83,19.12,24.39,5.03,58.93,kidneybeans
20.2,48.84,41.96,28.73,54.56,3.0,66.12,mothbeans
22.78,19.66,29.52,24.23,96.11,6.33,191.17,coconut
18.62,59.88,24.67,23.67,67.49,6.65,47.46,lentil
13.96,15.3,42.76,20.53,89.1,6.21,109.24,pomegranate
19.75,25.21,32.63,30.21,57.96,6.44,86.08,mango
12.76,69.66,15.86,27.42,66.62,6.78,39.04,lentil
33.25,75.84,20.28,27.19,63.79,7.03,85.05,blackgram
108.3,86.59,60.37,26.06,74.86,5.85,107.51,banana
93.42,17.37,53.07,27.41,80.53,6.43,53.57,watermelon
113.42,73.24,57.15,28.35,73.14,6.81,104.24,banana
102.14,21.6,52.1,28.7,86.62,6.82,47.41,watermelon
19.4,18.03,7.61,21.08,92.7,7.1,116.09,orange
75.06,53.22,22.73,25.69,67.92,6.39,65.91,maize
16.02,72.92,19.38,23.05,57.48,6.63,31.87,lentil
90.78,87.81,52.39,29.1,81.3,6.04,84.29,banana
23.44,65.06,19.82,19.05,13.32,5.7,58.1,kidneybeans
52.36,60.47,46.77,32.74,89.12,6.44,175.43,papaya
10.72,50.91,19.9,30.4,82.71,5.65,50.23,mungbean
24.26,15.08,30.2,27.82,90.48,6.07,148.77,coconut
120.85,42.48,19.82,22.16,86.07,6.43,92.32,cotton
16.1,17.71,45.05,29.06,86.27,6.83,98.51,pomegranate
44.05,54.87,50.23,34.16,95.09,6.82,105.39,papaya
82.71,50.13,16.13,21.9,64.98,6.15,75.03,maize
129.96,47.76,16.36,25.6,82.26,6.91,82.66,cotton
21.81,145.8,203.9,20.6,88.76,5.47,115.88,apple
27.63,131.63,191.18,25.91,84.55,5.65,56.96,grapes
103.27,22.04,33.63,26.65,60.41,7.11,161.78,coffee
90.16,31.18,29.38,26.56,54.83,6.89,167.66,coffee
99.17,14.75,48.5,25.0,80.87,6.36,53.1,watermelon
65.44,53.54,42.56,26.21,75.69,6.92,179.95,jute
40.58,68.95,10.12,27.6,70.44,7.09,66.53,blackgram
17.06,21.21,28.14,33.17,49.87,6.19,111.65,mango
118.65,37.05,15.99,23.41,80.83,6.78,69.63,cotton
82.17,47.69,39.82,24.56,74.14,6.25,201.74,rice
22.25,14.18,7.17,21.38,90.06,7.17,96.06,orange
26.52,133.38,208.34,23.13,84.22,6.09,62.21,grapes
36.12,67.39,16.44,31.32,71.13,7.18,84.19,blackgram
17.33,47.99,17.57,27.19,83.94,6.17,49.17,mungbean
87.07,20.16,40.79,25.49,87.66,6.06,42.61,watermelon
85.67,48.96,20.19,19.28,68.73,6.69,81.63,maize
10.43,67.24,22.18,22.21,62.06,6.85,21.8,lentil
21.62,73.18,15.72,20.36,25.77,5.17,68.2,kidneybeans
27.59,135.73,184.42,18.96,81.45,5.94,59.23,grapes
80.03,38.83,32.92,22.58,80.97,5.76,196.77,rice
18.06,19.98,9.5,20.06,96.35,6.45,101.14,orange
37.73,70.48,83.78,18.18,20.43,6.66,78.06,chickpea
21.85,145.12,213.76,21.78,77.5,6.38,57.64,grapes
101.36,17.01,50.89,25.86,90.94,6.3,24.03,muskmelon
16.54,139.54,196.54,21.23,90.37,5.57,118.84,apple
13.96,63.69,23.13,26.04,62.18,7.16,47.73,lentil
19.28,46.98,48.46,29.47,48.07,3.41,59.56,mothbeans
18.63,46.39,42.45,26.31,50.08,3.36,52.88,mothbeans
77.05,47.86,16.27,21.11,60.58,6.45,77.12,maize
38.68,56.98,82.18,15.52,16.18,7.08,93.61,chickpea
18.77,16.97,36.25,22.68,88.36,7.25,91.77,pomegranate
98.11,15.35,42.9,23.29,85.59,6.6,51.19,watermelon
15.76,17.14,11.71,20.46,95.04,6.91,128.36,orange
14.51,53.04,49.14,30.18,50.69,3.46,38.53,mothbeans
82.37,48.26,22.93,21.84,65.39,5.9,69.16,maize
23.82,71.38,25.89,26.79,46.85,5.21,144.11,pigeonpeas
13.48,14.99,34.09,23.99,87.91,6.74,102.43,pomegranate
27.19,70.53,19.03,25.95,54.15,5.41,174.43,pigeonpeas
24.18,134.31,217.54,25.94,77.11,5.64,74.79,grapes
20.63,39.51,37.62,26.52,58.96,3.79,51.94,mothbeans
24.92,75.43,22.25,17.24,28.95,5.54,61.65,kidneybeans
22.8,59.07,44.48,28.79,49.31,3.55,53.68,mothbeans
76.12,46.55,48.18,22.91,80.81,6.83,184.36,jute
17.01,136.33,202.47,21.66,93.27,5.49,122.32,apple
118.23,47.81,14.11,20.31,76.72,7.33,83.34,cotton
19.02,63.04,19.06,21.07,55.15,7.01,41.93,lentil
93.69,32.65,28.41,25.06,50.47,7.01,164.41,coffee
103.69,72.87,54.79,25.89,80.05,5.97,89.74,banana
28.52,149.3,201.76,25.02,81.61,6.16,67.8,grapes
13.53,45.85,19.01,29.25,86.14,6.79,53.63,mungbean
51.11,66.63,53.84,36.96,89.91,6.8,148.33,papaya
71.99,46.59,27.19,23.28,62.14,6.67,73.99,maize
100.79,28.9,34.53,25.95,59.0,6.41,165.07,coffee
96.89,19.8,50.32,26.41,79.68,5.32,52.27,watermelon
8.04,66.07,13.48,30.41,51.89,5.84,172.82,pigeonpeas
41.91,72.62,12.03,30.82,64.62,7.03,72.59,blackgram
13.61,43.85,22.93,27.61,84.61,6.61,34.03,mungbean
37.09,54.81,78.33,20.85,18.78,7.29,92.36,chickpea
16.67,71.58,17.8,27.77,44.82,6.22,145.18,pigeonpeas
80.66,43.63,42.41,23.22,79.63,6.14,237.64,rice
93.77,27.51,27.04,27.11,55.39,6.69,162.6,coffee
101.15,26.63,32.57,22.88,59.95,6.45,147.33,coffee
79.12,45.77,20.78,24.15,59.87,6.54,53.0,maize
17.07,13.81,8.43,19.27,90.43,7.58,118.83,orange
100.44,14.81,45.44,29.4,93.69,6.48,32.58,muskmelon
21.76,133.4,212.12,23.94,92.83,5.82,122.89,apple
45.96,55.42,50.43,33.52,91.45,7.1,169.07,papaya
39.9,68.45,14.28,29.56,69.05,6.53,70.01,blackgram
92.75,22.2,51.92,25.22,84.25,6.59,52.24,watermelon
37.04,66.87,80.4,16.38,17.27,6.86,79.86,chickpea
10.81,16.02,8.62,19.87,90.89,6.83,109.42,orange
17.31,14.59,35.89,24.61,90.41,6.53,113.12,pomegranate
49.0,60.51,49.48,31.21,93.03,7.28,152.14,papaya
18.5,126.59,192.6,18.97,93.1,5.78,94.54,apple
16.56,74.02,22.79,18.11,19.08,5.79,69.63,kidneybeans
19.71,59.41,18.57,20.78,23.3,5.85,65.5,kidneybeans
103.0,21.17,52.35,25.21,82.04,6.66,67.25,watermelon
78.85,45.37,49.11,23.11,87.1,6.71,141.96,jute
19.76,26.12,30.76,28.7,49.03,6.22,101.42,mango
17.22,17.44,45.59,24.55,89.48,7.03,111.29,pomegranate
40.54,65.27,21.75,28.77,65.71,7.36,71.42,blackgram
109.61,48.2,22.63,24.42,76.8,7.04,75.98,cotton
21.67,74.01,22.6,15.99,25.21,5.4,61.16,kidneybeans
17.43,20.76,20.16,26.72,96.34,5.87,167.71,coconut
75.15,37.49,44.58,23.33,80.41,6.15,201.94,rice
18.17,68.57,19.56,25.84,69.09,6.72,40.07,lentil
81.31,49.12,25.46,22.25,62.85,6.54,65.43,maize
39.34,67.38,77.88,16.7,16.51,7.13,69.1,chickpea
94.6,21.3,50.96,29.32,89.0,6.66,31.51,muskmelon
20.54,18.25,7.72,23.24,94.25,6.97,134.02,orange
20.57,17.79,40.14,21.63,93.64,6.33,114.29,pomegranate
41.34,69.54,71.09,19.79,14.55,7.04,96.12,chickpea
23.01,63.49,20.52,23.83,70.29,7.02,43.12,lentil
73.94,57.0,19.84,19.14,65.64,6.3,68.41,maize
23.57,60.94,22.92,19.03,17.18,5.58,71.86,kidneybeans
26.38,17.95,31.89,28.23,93.2,5.88,158.76,coconut
82.66,18.5,57.6,28.23,89.94,6.15,33.85,muskmelon
103.11,17.02,52.71,23.38,89.67,6.8,39.24,watermelon
25.3,37.97,47.93,26.53,45.92,3.57,58.08,mothbeans
74.08,45.77,12.44,21.1,52.88,6.02,67.6,maize
81.36,53.4,23.34,22.92,64.65,6.0,64.3,maize
29.23,44.09,44.47,29.99,61.52,3.01,35.71,mothbeans
32.19,64.35,82.97,15.49,16.88,6.59,84.66,chickpea
45.23,65.32,13.64,31.49,64.98,7.01,84.08,blackgram
80.04,53.6,38.69,25.97,83.17,7.4,177.61,jute
54.89,53.38,53.5,32.1,92.21,6.91,136.11,papaya
15.66,70.4,15.4,20.33,22.85,5.18,58.22,kidneybeans
108.91,17.65,54.27,28.02,94.11,6.42,25.07,muskmelon
17.13,16.25,9.0,21.34,92.16,7.01,119.13,orange
44.04,62.76,17.3,29.09,57.02,6.9,75.33,blackgram
19.93,68.41,13.74,22.28,67.36,6.95,54.45,lentil
67.19,50.71,23.04,20.85,52.04,6.34,63.92,maize
14.38,40.08,45.99,27.84,50.1,3.36,55.57,mothbeans
19.1,17.88,36.73,17.9,91.12,7.14,99.91,pomegranate
10.03,40.17,53.15,26.84,47.13,3.44,66.54,mothbeans
96.32,14.23,51.34,25.37,86.17,6.19,37.19,watermelon
102.51,16.91,51.57,25.43,88.37,6.7,51.54,watermelon
16.35,44.91,21.38,28.7,83.31,6.45,56.59,mungbean
78.65,40.34,32.88,22.46,82.33,5.65,207.51,rice
90.54,19.06,48.69,27.13,91.93,6.31,29.47,muskmelon
22.59,65.92,16.51,29.76,51.61,5.43,170.33,pigeonpeas
72.67,41.04,30.2,21.67,82.59,6.22,203.43,rice
100.75,26.86,31.11,26.21,49.7,6.73,191.54,coffee
21.92,43.99,42.36,30.07,45.89,3.21,46.82,mothbeans
43.1,77.29,79.1,16.54,15.45,7.41,73.54,chickpea
122.34,82.55,54.73,23.44,86.01,6.23,99.19,banana
20.03,43.37,44.18,28.42,48.03,3.2,38.89,mothbeans
40.63,76.69,74.0,16.64,17.54,7.05,83.51,chickpea
14.88,71.49,23.35,23.37,62.79,7.34,49.04,lentil
97.87,17.99,53.75,26.22,84.0,6.6,53.84,watermelon
24.56,22.28,31.67,30.97,48.33,6.27,103.79,mango
86.01,46.21,42.77,27.69,77.51,6.6,175.29,jute
38.9,61.94,43.45,33.99,91.38,6.9,149.42,papaya
19.35,73.03,14.29,26.16,64.19,7.23,44.44,lentil
56.1,60.35,41.97,35.01,89.67,7.12,133.66,papaya
102.09,17.53,49.24,26.62,88.7,6.04,45.22,watermelon
37.67,66.47,92.22,14.99,16.76,7.14,90.86,chickpea
17.07,52.48,21.7,24.91,84.38,6.72,54.7,mungbean
101.78,19.09,51.96,25.93,93.3,6.43,19.65,muskmelon
17.43,69.44,27.22,18.62,23.88,5.31,55.44,kidneybeans
16.96,53.75,17.39,26.39,86.23,6.81,46.87,mungbean
50.76,65.88,48.9,33.19,93.07,6.17,142.45,papaya
12.72,68.35,12.35,27.86,41.16,6.3,163.67,pigeonpeas
17.4,45.42,45.06,28.96,51.66,3.0,46.54,mothbeans
103.01,25.57,27.96,26.84,63.34,6.36,132.04,coffee
21.62,50.58,20.91,27.35,87.77,6.8,50.46,mungbean
109.63,18.26,56.52,26.21,79.47,6.89,51.08,watermelon
25.04,128.07,219.4,22.46,84.43,6.06,71.52,grapes
40.43,61.64,64.39,18.87,18.71,6.29,69.9,chickpea
98.07,20.53,43.44,26.07,79.99,6.25,40.3,watermelon
20.56,27.22,24.69,32.11,53.16,6.2,104.47,mango
18.77,14.45,8.56,22.06,92.22,6.86,106.72,orange
18.23,19.85,9.69,20.28,93.36,6.91,117.45,orange
75.8,41.07,39.44,22.78,83.84,6.23,189.39,rice
78.53,36.23,35.55,22.18,81.77,6.1,205.53,rice
15.12,115.38,197.35,24.49,77.62,5.67,74.61,grapes
84.3,45.32,25.27,22.4,75.38,6.29,77.36,maize
25.01,42.76,41.54,24.06,53.52,4.11,52.22,mothbeans
22.04,69.8,17.5,22.1,62.29,6.6,45.38,lentil
118.17,44.79,9.74,24.04,81.21,6.75,68.45,cotton
76.94,38.65,35.11,22.56,83.13,6.23,181.56,rice
24.34,132.3,193.4,20.53,91.89,5.78,117.48,apple
16.46,21.23,9.36,19.99,91.28,6.61,127.21,orange
21.3,119.74,205.66,26.54,81.83,5.75,69.45,grapes
23.45,67.7,13.69,26.39,47.63,5.68,179.59,pigeonpeas
20.67,14.9,30.74,28.26,92.19,5.66,186.69,coconut
96.66,16.73,28.15,24.42,56.75,6.86,168.14,coffee
21.2,20.27,10.16,23.26,90.64,7.09,125.95,orange
17.17,10.49,8.68,19.73,92.46,6.8,123.34,orange
18.33,65.52,23.9,20.84,16.02,5.72,57.9,kidneybeans
128.39,45.04,16.6,22.44,78.05,6.28,72.75,cotton
98.15,19.18,47.98,26.66,77.83,6.19,57.83,watermelon
105.84,76.41,50.26,28.37,71.74,6.64,101.6,banana
118.94,79.73,42.25,26.19,80.06,6.17,97.9,banana
99.22,11.26,45.17,29.79,86.52,6.66,27.61,muskmelon
17.23,17.46,15.03,23.99,91.84,7.2,116.93,orange
21.9,123.2,206.8,22.7,74.53,5.89,78.81,grapes
28.62,45.42,16.24,28.49,83.59,7.04,45.73,mungbean
24.09,77.44,13.66,15.24,28.48,5.82,56.32,kidneybeans
27.77,130.26,210.83,24.41,82.34,6.13,52.95,grapes
76.54,44.18,34.35,23.53,86.32,5.26,184.06,rice
70.91,37.77,44.28,23.21,78.26,6.05,207.71,rice
50.55,59.67,46.94,33.01,92.15,7.43,150.52,papaya
20.29,45.37,44.25,30.38,52.58,3.16,46.85,mothbeans
40.5,67.21,23.15,30.67,73.39,6.7,69.36,blackgram
80.9,41.71,49.38,23.95,80.27,5.73,209.84,rice
23.4,49.09,20.43,28.77,86.97,6.99,58.36,mungbean
22.96,64.43,19.09,17.01,10.75,5.64,89.13,kidneybeans
34.84,64.8,24.15,30.03,59.82,7.38,75.31,blackgram
17.31,48.12,13.03,26.91,82.72,6.64,55.96,mungbean
69.42,41.62,38.07,22.32,83.84,6.31,218.63,rice
12.66,63.3,20.43,27.43,63.51,7.0,52.62,lentil
92.72,79.29,43.89,25.36,74.85,5.73,122.03,banana
22.73,60.17,24.85,19.52,19.52,5.74,47.24,kidneybeans
83.77,39.94,35.51,23.08,79.97,6.29,197.06,rice
50.37,52.98,60.28,33.06,93.31,6.93,143.91,papaya
74.25,48.13,22.07,20.55,65.93,6.27,53.88,maize
22.76,64.49,21.05,19.59,20.06,5.46,58.09,kidneybeans
90.77,87.13,51.59,29.63,79.94,5.74,102.44,banana
35.0,64.48,83.2,19.09,15.28,6.89,76.08,chickpea
52.79,64.18,79.92,21.08,22.02,7.62,92.08,chickpea
18.75,31.12,28.85,31.86,49.43,5.98,91.23,mango
113.27,16.55,51.0,27.87,90.36,6.79,22.36,muskmelon
98.98,13.8,43.7,22.99,82.83,6.61,43.63,watermelon
42.03,66.14,21.55,29.87,58.75,7.02,78.49,blackgram
102.67,80.26,44.97,25.52,79.14,4.92,96.58,banana
75.95,45.68,44.62,25.9,78.33,6.66,169.26,jute
95.62,24.26,22.55,25.14,55.16,6.99,133.29,coffee
22.43,9.61,22.59,28.64,92.91,5.6,197.88,coconut
121.33,53.6,19.41,24.29,80.07,7.43,76.31,cotton
17.09,46.87,46.56,30.39,46.71,3.72,54.72,mothbeans
49.37,72.4,76.76,20.56,16.2,7.26,84.85,chickpea
22.63,46.65,15.25,30.12,84.23,6.32,46.58,mungbean
45.21,54.1,49.31,36.34,91.99,6.57,123.12,papaya
16.69,34.91,45.73,29.59,52.39,3.36,48.73,mothbeans
110.91,45.24,20.03,22.02,78.34,6.93,80.47,cotton
23.38,46.97,24.71,25.25,87.56,7.16,51.36,mungbean
95.7,16.41,56.5,29.74,92.45,6.03,20.2,muskmelon
80.97,86.02,55.91,23.83,80.71,6.14,104.12,banana
22.37,130.95,196.51,24.54,94.59,5.72,107.43,apple
92.36,48.78,38.76,23.97,83.94,6.41,180.7,rice
99.91,14.14,52.53,27.92,91.0,6.63,18.75,muskmelon
78.53,38.64,26.52,22.95,81.31,6.21,236.98,rice
17.74,44.64,22.87,27.68,84.07,7.1,41.15,mungbean
91.31,17.13,53.16,22.7,88.31,6.39,60.06,watermelon
122.11,50.97,18.49,25.95,71.85,6.58,81.64,cotton
39.73,68.43,81.61,19.29,17.67,7.03,78.03,chickpea
81.59,15.63,58.32,24.05,83.53,6.42,41.03,watermelon
18.98,66.37,21.31,19.17,12.12,5.63,56.49,kidneybeans
112.46,14.14,55.39,24.83,84.61,6.04,47.72,watermelon
20.89,13.85,29.82,22.33,94.86,5.86,168.95,coconut
19.21,63.17,16.61,24.21,52.43,7.4,48.53,lentil
22.05,122.51,202.26,22.3,83.0,6.66,61.13,grapes
19.36,13.59,9.89,21.58,91.68,6.79,102.33,orange
82.25,45.19,22.53,23.95,68.11,6.03,52.73,maize
82.14,36.54,44.5,23.31,84.44,6.19,183.42,rice
88.77,45.41,20.9,21.97,70.94,7.26,54.69,maize
38.89,65.62,80.54,19.63,18.58,6.83,78.33,chickpea
84.14,37.99,41.12,23.01,82.29,5.77,200.49,rice
12.83,43.09,44.38,27.2,47.08,3.38,52.15,mothbeans
83.46,41.56,55.39,24.12,81.62,5.71,167.87,rice
96.74,21.01,54.88,25.74,80.48,6.49,45.28,watermelon
23.19,12.61,35.05,29.86,92.55,5.96,186.56,coconut
77.09,51.54,23.83,20.43,58.34,5.95,65.08,maize
80.69,51.21,25.32,22.39,68.55,6.47,74.4,maize
19.31,62.05,21.04,22.14,58.33,6.8,40.31,lentil
38.28,65.13,15.08,26.09,62.66,7.06,54.52,blackgram
85.17,40.38,17.76,22.75,72.83,6.48,54.45,maize
81.74,50.38,44.36,22.67,85.6,5.88,159.24,rice
77.11,43.39,35.33,27.39,85.86,7.06,183.86,jute
26.45,14.24,30.31,27.37,95.24,5.9,178.42,coconut
16.46,45.91,51.52,29.17,50.94,3.58,48.07,mothbeans
18.56,16.32,32.99,24.36,100.0,5.91,177.56,coconut
17.87,15.81,39.05,22.36,87.56,6.26,128.67,pomegranate
84.06,44.56,29.01,23.96,63.38,5.75,82.91,maize
34.73,61.66,83.75,21.42,15.69,6.95,80.7,chickpea
92.02,15.61,44.51,24.1,83.78,6.53,37.08,watermelon
21.96,65.21,19.44,29.48,38.45,6.1,151.09,pigeonpeas
102.76,13.25,57.17,21.28,82.95,6.47,53.3,watermelon
17.04,60.07,22.42,22.33,63.71,7.03,46.6,lentil
92.11,15.65,39.99,26.7,90.06,6.49,21.63,muskmelon
87.63,43.61,34.35,22.48,83.47,5.63,214.26,rice
88.83,26.57,28.2,26.49,47.65,6.71,162.71,coffee
20.12,78.42,15.98,23.32,65.16,7.14,40.52,lentil
34.35,68.37,10.7,29.82,66.08,7.24,77.74,blackgram
103.77,12.89,58.82,26.45,91.55,6.4,22.17,muskmelon
77.77,53.52,20.46,22.3,63.18,6.48,63.08,maize
16.15,65.97,22.44,28.31,45.07,5.77,160.72,pigeonpeas
80.6,43.76,31.65,23.54,80.01,6.17,184.73,rice
17.24,46.02,48.83,24.77,54.5,3.78,46.68,mothbeans
103.81,13.72,49.3,27.33,92.51,5.96,31.26,muskmelon
100.61,14.81,51.23,25.51,90.11,6.49,19.92,muskmelon
21.16,137.65,202.62,23.67,80.96,5.71,54.03,grapes
15.56,22.5,46.76,21.07,88.11,5.91,89.22,pomegranate
93.1,19.11,50.99,19.96,86.29,6.62,50.16,watermelon
78.99,52.87,38.59,22.66,79.49,6.45,185.7,jute
128.9,41.7,24.67,27.25,72.2,6.93,76.0,cotton
117.95,38.47,14.97,28.11,81.84,6.68,84.18,cotton
36.14,64.51,16.95,28.4,64.26,7.23,57.46,blackgram
15.85,11.9,33.39,22.04,86.61,6.68,94.1,pomegranate
22.5,71.43,17.63,19.25,28.82,5.55,54.41,kidneybeans
42.14,66.06,83.93,20.37,23.77,7.17,83.26,chickpea
46.29,63.6,53.73,33.63,89.68,6.85,130.73,papaya
37.95,61.47,77.93,17.38,18.34,7.39,93.96,chickpea
86.62,19.99,54.69,26.66,86.12,6.57,58.26,watermelon
111.02,20.26,52.23,31.81,90.05,6.87,20.17,muskmelon
84.39,45.41,25.64,26.6,63.19,6.37,74.53,maize
100.42,34.74,33.93,26.92,61.79,6.31,164.94,coffee
22.37,49.05,21.43,28.16,85.89,7.32,57.47,mungbean
45.81,62.36,80.19,19.95,17.5,7.06,90.01,chickpea
43.29,60.74,48.04,33.81,95.23,6.49,146.9,papaya
102.2,28.53,22.21,25.72,63.79,7.04,165.02,coffee
81.19,39.28,37.13,22.45,81.9,5.84,185.74,rice
110.56,20.36,42.9,28.45,93.47,6.49,21.85,muskmelon
81.3,40.23,36.74,25.14,83.9,5.39,203.73,rice
81.12,45.94,42.83,24.03,76.73,6.74,204.69,jute
117.5,47.44,17.93,23.43,75.83,6.93,72.11,cotton
23.81,61.89,21.89,27.46,52.23,5.06,148.51,pigeonpeas
40.04,65.81,19.31,28.98,55.48,7.61,69.55,blackgram
97.04,20.08,51.58,27.9,92.5,6.35,17.42,muskmelon
22.97,19.12,30.81,27.96,94.31,6.11,146.61,coconut
82.98,39.31,43.24,24.52,81.3,5.93,231.58,rice
22.56,19.18,13.03,22.19,90.66,6.58,109.52,orange
19.81,24.09,26.49,31.67,43.33,5.93,98.33,mango
16.18,36.27,24.37,28.4,56.57,6.21,84.74,mango
90.33,19.31,57.53,27.12,89.72,5.56,20.1,muskmelon
84.98,28.94,41.18,23.77,77.56,6.34,206.77,rice
25.2,128.29,210.17,25.62,94.43,5.83,111.02,apple
15.82,49.37,21.16,29.92,83.63,6.61,37.08,mungbean
43.36,71.24,42.98,35.9,92.86,6.35,144.14,papaya
96.36,83.47,52.85,28.42,84.71,6.12,88.49,banana
36.5,67.81,19.41,30.3,58.94,7.24,70.4,blackgram
100.77,20.59,46.14,30.0,90.44,6.05,29.09,muskmelon
19.39,152.4,181.7,24.58,93.31,5.66,134.55,apple
19.19,16.46,31.81,24.73,96.47,6.09,203.05,coconut
51.84,56.52,50.23,32.89,92.3,7.16,160.53,papaya
23.81,65.17,13.18,26.15,55.81,5.62,146.35,pigeonpeas
88.58,44.71,25.92,24.59,80.54,5.91,199.01,jute
23.0,145.95,201.42,21.61,88.04,5.81,115.86,apple
17.38,135.56,192.36,19.88,89.65,6.27,125.67,apple
74.76,44.11,20.78,20.04,67.04,5.99,70.29,maize
25.28,42.63,22.51,27.44,85.53,6.54,41.23,mungbean
22.05,136.32,199.53,23.86,90.68,5.63,114.86,apple
19.37,78.49,18.59,25.18,63.47,7.48,31.02,lentil
18.5,133.82,179.75,25.66,83.61,6.1,57.79,grapes
89.01,40.37,48.14,21.62,76.89,5.98,207.68,rice
95.28,16.42,55.25,23.78,87.39,6.5,48.58,watermelon
22.1,68.63,21.55,26.45,65.69,6.72,52.81,lentil
17.54,131.23,209.2,18.17,95.55,5.95,114.49,apple
25.83,132.85,193.45,21.3,85.26,6.18,61.93,grapes
36.26,54.88,83.42,19.47,15.16,7.02,85.16,chickpea
79.19,44.74,18.06,21.36,67.12,6.66,54.26,maize
101.3,90.97,42.12,27.79,76.79,5.85,95.36,banana
15.45,65.99,19.97,20.2,23.67,5.48,65.82,kidneybeans
23.81,18.04,5.35,25.01,95.15,7.01,125.88,orange
17.17,35.84,31.31,29.33,58.26,6.62,94.67,mango
104.9,24.75,25.91,25.45,54.53,6.83,122.59,coffee
48.17,52.36,47.49,35.51,93.38,6.64,156.25,papaya
16.14,139.61,220.2,24.79,77.74,5.96,57.81,grapes
20.35,134.66,201.59,20.79,75.56,6.09,70.35,grapes
21.39,13.28,28.31,26.56,93.53,6.46,181.81,coconut
108.44,46.52,18.42,27.34,81.99,6.35,67.35,cotton
72.82,44.06,46.78,22.93,85.01,6.11,187.1,rice
17.59,69.16,21.88,26.58,44.44,5.67,136.55,pigeonpeas
39.02,72.3,18.79,31.01,64.41,6.69,66.77,blackgram
32.71,65.45,75.24,18.64,20.02,6.44,81.15,chickpea
19.01,66.68,18.53,21.58,71.96,7.16,52.71,lentil
25.93,76.81,20.01,21.02,26.37,5.48,60.15,kidneybeans
14.74,141.96,192.59,21.7,89.33,5.8,111.06,apple
24.44,13.37,30.09,19.0,92.7,7.04,100.85,pomegranate
19.59,16.01,40.19,21.37,90.39,5.99,85.04,pomegranate
71.88,46.8,42.82,25.88,76.54,5.98,181.25,jute
91.95,17.97,44.82,26.29,91.45,5.98,22.62,muskmelon
15.8,70.79,25.48,29.39,49.42,5.4,137.3,pigeonpeas
78.82,41.49,38.69,24.31,78.29,7.3,167.07,jute
76.58,43.55,27.25,25.77,82.17,7.18,160.81,jute
26.4,33.11,33.03,30.49,33.79,6.09,94.98,mango
16.76,18.1,47.31,21.42,93.22,7.13,124.21,pomegranate
19.76,47.5,42.33,30.44,48.62,4.01,36.02,mothbeans
35.02,69.75,26.21,27.4,56.73,6.96,68.16,blackgram
80.68,43.31,47.93,21.76,88.4,5.41,196.96,rice
14.16,63.52,14.99,26.67,71.74,7.0,54.77,lentil
37.05,59.09,22.27,27.24,63.82,6.92,67.3,blackgram
16.96,36.14,47.36,24.34,46.86,3.0,49.31,mothbeans
16.18,127.98,199.51,23.71,84.02,5.68,71.61,grapes
101.32,14.57,44.87,20.87,88.67,6.38,51.26,watermelon
23.87,51.97,25.5,26.3,87.43,6.79,44.21,mungbean
112.17,38.58,25.71,24.21,78.83,6.78,64.87,cotton
49.85,58.2,44.06,34.39,94.05,6.64,150.02,papaya
98.74,18.71,48.38,20.6,88.81,6.56,46.96,watermelon
25.38,24.07,27.04,35.24,54.89,5.28,89.35,mango
112.44,75.31,39.56,29.21,70.9,5.94,142.41,banana
17.5,66.08,17.58,14.59,24.59,6.08,71.52,kidneybeans
20.14,50.26,13.47,28.96,82.83,6.85,40.3,mungbean
103.21,14.86,58.97,31.09,93.21,6.71,25.32,muskmelon
26.54,20.08,24.54,30.02,94.76,5.95,204.07,coconut
21.36,69.85,23.87,18.34,18.55,5.37,56.75,kidneybeans
16.11,17.9,40.17,17.56,86.5,6.37,116.86,pomegranate
42.25,67.41,19.15,25.23,69.73,7.04,72.28,blackgram
40.62,66.38,18.15,31.49,67.63,7.68,59.48,blackgram
110.03,11.43,47.46,20.75,85.09,6.58,62.73,watermelon
94.97,81.29,50.09,23.17,74.12,6.1,96.16,banana
17.73,16.64,44.45,20.79,89.4,7.12,125.47,pomegranate
102.49,31.52,29.72,27.57,54.69,6.36,159.62,coffee
47.36,55.36,53.84,32.16,93.7,6.76,145.32,papaya
91.91,48.92,43.38,27.35,80.07,6.94,187.93,jute
18.28,16.3,30.16,27.53,91.09,5.93,149.32,coconut
17.85,17.77,11.31,20.85,88.98,7.99,108.31,orange
26.55,19.11,33.42,28.09,93.28,5.46,171.38,coconut
93.68,14.87,50.65,22.87,86.26,6.75,54.27,watermelon
15.26,131.4,206.93,23.02,92.52,6.08,110.66,apple
52.35,60.47,49.02,35.08,90.09,6.45,146.93,papaya
96.21,22.02,45.5,25.97,88.48,6.17,22.48,muskmelon
105.59,17.02,47.21,29.99,93.06,6.07,25.25,muskmelon
117.35,43.55,19.67,25.47,85.47,6.99,71.09,cotton
22.74,129.36,212.19,24.37,81.16,6.23,65.25,grapes
87.04,42.37,50.75,22.99,84.33,6.48,159.32,jute
76.79,39.75,41.53,26.1,82.9,6.8,170.12,jute
25.25,131.9,209.36,21.65,79.93,6.49,69.68,grapes
17.55,60.85,17.57,23.4,62.21,6.73,36.22,lentil
81.53,41.69,37.94,22.51,80.7,6.12,191.58,rice
18.41,25.21,32.45,27.88,44.61,6.1,101.23,mango
17.69,71.06,18.92,23.57,64.29,6.72,42.25,lentil
21.15,136.87,213.27,20.67,90.29,5.44,117.19,apple
25.09,47.63,18.12,26.01,81.66,6.8,52.62,mungbean
15.45,14.43,29.26,28.01,91.98,5.67,184.19,coconut
87.43,32.03,37.0,23.01,82.14,5.86,212.46,rice
89.29,40.76,11.2,22.88,62.49,6.19,67.08,maize
16.28,24.98,29.71,34.78,51.19,5.75,97.21,mango
19.38,22.62,46.28,20.63,92.46,6.41,115.35,pomegranate
115.44,50.98,21.94,22.03,75.96,6.82,87.37,cotton
19.55,63.09,14.79,24.21,62.41,7.09,44.36,lentil
105.36,21.43,51.23,27.49,88.59,6.28,29.12,muskmelon
21.78,19.53,15.5,18.46,89.54,6.76,104.36,orange
15.88,141.51,230.07,23.1,86.69,5.92,55.28,grapes
12.67,39.74,52.49,31.72,52.48,3.13,66.77,mothbeans
97.7,31.16,32.76,25.73,66.35,6.43,147.69,coffee
18.66,69.82,15.92,18.95,20.3,5.77,61.3,kidneybeans
28.05,72.12,21.0,21.09,21.58,5.71,61.49,kidneybeans
108.68,82.23,47.1,26.51,79.33,6.18,121.5,banana
98.87,17.88,52.42,24.4,92.59,6.43,48.15,watermelon
14.99,66.34,23.25,25.55,63.21,6.99,40.2,lentil
27.29,66.71,20.53,22.7,65.48,6.83,41.72,lentil
100.77,28.26,32.79,23.51,53.77,7.07,148.06,coffee
21.9,66.99,17.64,25.82,52.17,5.97,126.81,pigeonpeas
52.54,61.53,46.71,34.35,90.3,6.71,150.96,papaya
48.5,54.27,55.87,30.24,91.34,6.69,146.24,papaya
22.21,15.99,10.55,21.5,93.14,6.8,121.92,orange
23.17,44.15,23.41,25.54,90.36,6.6,43.23,mungbean
78.29,48.2,17.19,20.67,57.99,7.02,47.56,maize
107.93,23.18,51.26,29.2,94.07,6.22,25.91,muskmelon
23.78,30.81,33.16,29.74,46.47,5.61,95.84,mango
89.79,32.85,37.8,23.13,86.32,5.57,223.26,rice
43.42,66.43,21.27,28.69,65.76,7.21,99.13,blackgram
69.85,47.65,39.21,22.57,78.96,5.5,216.46,rice
69.66,39.77,24.09,26.88,71.92,6.67,65.95,maize
23.6,134.26,202.34,23.95,82.53,5.76,82.99,grapes
15.67,73.86,23.49,22.37,56.72,6.99,40.62,lentil
87.07,57.04,40.63,27.0,80.17,6.39,201.58,jute
109.07,49.82,26.89,26.76,74.62,7.16,73.37,cotton
98.87,24.36,33.95,27.62,53.58,6.65,152.85,coffee
96.92,81.62,52.9,29.17,78.67,6.46,79.37,banana
20.94,19.06,28.93,31.88,47.4,5.68,103.46,mango
111.51,15.7,57.48,27.56,82.0,6.81,44.79,watermelon
24.61,14.5,7.84,23.57,93.42,7.23,132.67,orange
97.79,18.25,46.87,25.46,87.33,6.28,56.25,watermelon
18.81,51.56,46.6,28.39,46.65,3.59,43.34,mothbeans
17.86,69.56,27.74,29.63,47.76,5.65,144.65,pigeonpeas
122.76,48.26,22.01,19.95,73.79,7.2,64.95,cotton
102.27,53.47,13.56,22.82,83.63,7.09,68.92,cotton
13.89,136.48,185.62,20.41,89.62,5.66,114.66,apple
17.86,58.46,15.53,21.47,20.38,5.54,66.6,kidneybeans
122.39,49.69,16.63,26.78,77.47,7.32,84.42,cotton
19.25,30.36,26.7,30.01,39.95,5.6,113.08,mango
74.7,40.77,40.29,21.86,83.07,6.17,221.66,rice
15.01,120.95,190.11,23.62,95.16,6.07,127.69,apple
27.52,131.13,202.42,23.01,77.95,5.48,58.45,grapes
19.39,116.77,201.69,22.7,92.27,4.91,99.81,apple
39.85,70.88,14.82,29.95,62.88,7.22,68.31,blackgram
17.99,21.27,51.83,19.12,89.32,5.99,109.31,pomegranate
46.83,57.15,49.64,34.1,92.25,6.87,143.41,papaya
68.58,43.05,23.76,20.04,63.88,6.67,50.32,maize
21.15,21.44,25.32,23.85,91.76,6.26,206.61,coconut
20.92,27.41,31.23,31.19,56.21,6.04,80.42,mango
23.41,131.78,176.15,21.03,92.09,6.17,108.19,apple
29.27,126.7,207.88,26.87,76.87,5.9,80.42,grapes
22.65,13.84,9.61,22.92,91.13,7.14,116.66,orange
19.32,21.8,39.88,19.16,92.53,6.93,83.7,pomegranate
14.89,60.56,21.17,28.29,44.93,5.74,173.83,pigeonpeas
16.0,19.11,40.62,23.87,92.33,6.71,96.23,pomegranate
92.99,85.2,45.17,26.57,86.17,6.3,115.83,banana
99.9,75.28,49.66,26.9,80.64,6.2,92.53,banana
20.93,50.73,41.11,31.12,45.35,3.99,47.02,mothbeans
35.17,64.31,17.13,27.03,61.91,6.66,63.88,blackgram
25.24,45.92,23.75,31.27,89.94,6.27,45.97,mungbean
50.31,61.66,79.12,20.82,15.76,7.14,69.38,chickpea
43.45,63.58,17.91,29.97,66.75,7.03,72.36,blackgram
97.81,30.95,28.03,26.85,50.14,6.21,149.13,coffee
121.84,49.59,24.4,25.77,79.36,6.56,96.68,cotton
19.59,25.04,30.17,36.27,55.77,6.35,99.36,mango
46.87,51.86,45.46,34.91,94.15,6.78,158.0,papaya
17.35,14.15,11.3,18.79,89.11,7.01,109.73,orange
109.36,46.76,15.56,24.05,83.0,6.88,76.09,cotton
16.45,14.93,41.4,16.65,84.75,6.65,107.99,pomegranate
18.58,140.91,195.43,25.21,85.2,5.64,63.34,grapes
91.6,76.54,54.56,25.77,74.61,5.82,104.62,banana
80.96,48.92,16.57,23.4,62.12,6.54,85.6,maize
22.6,13.96,28.52,28.89,94.4,5.29,157.42,coconut
22.02,52.24,47.84,25.9,59.81,3.99,75.22,mothbeans
19.55,24.83,35.06,31.53,46.08,5.86,106.21,mango
19.12,21.67,23.39,32.93,52.72,6.13,104.21,mango
22.85,128.49,182.07,19.4,89.08,6.1,96.83,apple
103.41,17.59,53.87,25.9,91.32,6.23,27.28,muskmelon
18.87,66.18,18.45,19.02,62.89,7.19,39.95,lentil
19.32,13.3,42.29,21.21,87.71,6.47,102.28,pomegranate
99.71,71.57,50.11,29.42,77.6,6.12,115.22,banana
24.01,138.39,208.9,18.55,91.68,5.72,111.63,apple
23.03,20.15,10.76,19.32,93.08,7.47,126.44,orange
41.74,56.97,45.27,34.9,89.64,6.68,158.57,papaya
17.93,74.39,22.25,21.85,60.63,7.19,23.3,lentil
116.73,53.32,19.59,26.27,76.35,6.84,94.84,cotton
97.22,24.27,26.49,24.3,55.56,6.5,186.48,coffee
17.23,11.92,29.15,25.08,93.9,6.11,192.92,coconut
18.41,68.13,16.85,25.62,66.65,7.16,44.01,lentil
14.64,127.19,210.59,22.07,91.23,5.77,120.87,apple
104.8,15.08,49.22,29.37,90.72,6.13,27.96,muskmelon
36.54,63.7,16.7,31.07,71.17,6.88,77.08,blackgram
41.99,66.71,16.06,29.63,58.0,7.68,55.65,blackgram
23.9,69.58,23.91,29.04,42.48,5.6,138.3,pigeonpeas
44.85,69.14,75.77,21.55,12.42,7.28,90.01,chickpea
69.17,31.86,40.24,23.26,79.29,6.19,166.77,rice
126.19,50.11,21.79,26.23,79.63,6.34,79.28,cotton
21.8,57.65,15.35,27.43,46.5,5.34,155.83,pigeonpeas
23.28,66.83,21.82,17.97,20.21,5.64,57.53,kidneybeans
77.47,60.9,16.79,25.28,73.39,6.33,65.69,maize
100.98,79.49,45.05,24.88,77.14,6.34,97.07,banana
73.39,54.09,49.97,26.5,83.13,6.53,210.05,jute
16.59,16.68,6.16,20.5,93.33,7.78,115.73,orange
49.0,56.21,51.35,36.18,90.59,6.24,156.55,papaya
15.4,20.92,27.99,28.07,91.09,5.84,180.24,coconut
23.18,43.51,43.77,29.97,49.44,3.04,48.71,mothbeans
84.12,45.29,31.21,21.82,75.88,5.92,214.35,rice
16.61,144.92,224.65,27.09,79.99,5.65,58.34,grapes
15.31,73.31,26.01,22.28,66.67,6.68,53.33,lentil
51.6,56.54,53.75,30.63,91.5,6.88,157.11,papaya
36.42,57.67,78.59,17.76,20.54,7.19,69.76,chickpea
41.89,66.85,84.63,17.9,10.68,7.38,70.94,chickpea
17.24,128.52,192.41,20.81,89.44,5.46,105.05,apple
103.01,18.95,49.41,22.69,82.95,6.85,46.12,watermelon
92.73,45.16,32.4,22.52,85.8,5.79,208.88,rice
46.83,61.67,48.25,30.66,91.05,6.38,150.01,papaya
17.28,32.43,22.09,25.56,79.95,5.75,54.51,mungbean
80.97,41.83,38.0,28.78,78.38,6.46,196.07,jute
41.95,60.78,61.18,31.34,91.43,5.94,141.49,papaya
17.23,16.09,37.17,25.74,87.45,7.43,112.25,pomegranate
24.72,140.33,195.58,19.64,92.87,6.13,124.06,apple
76.89,42.96,41.56,25.94,81.76,6.65,139.81,jute
37.48,66.25,15.94,27.74,67.55,6.62,63.85,blackgram
76.19,46.06,20.68,22.32,65.02,6.63,71.91,maize
13.98,18.41,38.37,19.31,89.16,6.85,113.33,pomegranate
29.13,63.91,13.86,24.24,51.56,5.14,144.42,pigeonpeas
100.67,13.91,51.13,24.56,94.09,6.31,22.4,muskmelon
7.32,48.05,18.05,31.19,86.06,6.24,47.6,mungbean
41.12,61.01,23.34,30.42,66.99,7.0,62.82,blackgram
71.69,42.54,42.88,26.88,84.88,6.48,185.73,jute
22.92,17.62,32.45,26.83,93.36,5.95,195.82,coconut
44.45,61.39,15.93,30.14,71.14,7.15,70.48,blackgram
100.9,42.26,11.86,26.33,79.9,6.23,83.76,cotton
92.31,15.23,56.23,24.9,86.13,6.47,40.54,watermelon
9.01,64.5,17.9,30.78,46.07,5.81,152.12,pigeonpeas
96.0,85.26,48.6,26.61,81.64,5.82,122.92,banana
25.53,128.56,201.18,22.59,92.75,5.72,130.38,apple
20.26,129.19,208.36,21.88,90.25,5.52,97.27,apple
14.09,70.26,17.93,24.06,67.49,6.53,39.52,lentil
45.4,60.21,53.02,37.02,91.69,6.54,148.6,papaya
21.98,48.92,18.36,30.01,82.62,6.94,49.24,mungbean
78.17,48.15,23.75,20.97,65.48,6.36,55.66,maize
25.18,63.41,22.98,27.61,47.68,5.73,153.78,pigeonpeas
104.66,32.33,35.46,25.61,54.17,6.19,170.63,coffee
13.96,15.97,12.93,23.17,92.11,7.14,109.67,orange
17.2,20.05,37.89,23.95,86.6,6.37,115.25,pomegranate
21.11,47.04,13.72,30.71,84.17,6.75,35.5,mungbean
91.99,33.89,23.32,26.83,50.41,6.88,182.93,coffee
88.07,47.97,37.44,22.01,81.62,6.02,221.88,rice
21.68,60.1,22.73,28.46,57.4,7.13,45.01,lentil
24.18,9.85,31.24,27.44,97.34,5.44,203.03,coconut
109.33,28.79,30.38,27.36,57.52,6.93,165.26,coffee
52.94,61.0,21.8,29.18,69.92,6.56,55.37,blackgram
26.12,70.32,16.3,24.8,46.36,5.64,157.44,pigeonpeas
23.09,125.11,207.52,23.9,78.03,6.67,73.76,grapes
85.93,15.73,51.99,24.07,84.08,6.84,50.85,watermelon
17.07,9.92,11.21,22.5,92.07,6.81,109.59,orange
78.21,40.46,30.06,22.78,83.07,6.44,189.63,rice
19.29,59.26,18.04,18.43,19.98,5.63,64.38,kidneybeans
36.79,69.16,83.0,19.51,19.57,7.21,83.51,chickpea
95.07,28.78,28.97,24.0,59.01,7.01,160.91,coffee
90.55,75.09,62.67,25.28,78.71,5.89,99.94,banana
14.59,27.6,29.31,31.17,49.92,6.78,81.7,mango
112.94,13.08,51.37,31.13,93.2,6.35,20.16,muskmelon
21.72,11.64,8.01,21.76,94.73,6.99,115.4,orange
79.53,41.76,37.08,25.21,77.49,6.37,196.63,jute
79.61,50.27,39.47,24.46,86.65,6.86,201.12,jute
100.24,14.44,47.72,25.18,92.15,6.62,19.51,muskmelon
23.48,41.07,22.35,29.24,80.27,6.63,44.25,mungbean
111.63,41.87,22.04,23.55,79.68,6.98,82.65,cotton
23.01,129.3,212.07,22.76,87.32,5.89,110.13,apple
104.18,26.14,26.75,24.21,50.49,6.71,166.75,coffee
19.94,46.69,20.96,28.17,88.39,6.88,39.6,mungbean
19.81,65.77,25.16,22.37,74.53,6.91,34.0,lentil
98.3,19.89,45.07,26.45,89.98,6.33,19.56,muskmelon
80.97,48.75,21.46,26.81,64.71,6.56,70.51,maize
18.42,68.37,21.91,25.93,66.47,6.79,50.93,lentil
20.82,14.68,31.13,30.16,94.48,6.55,158.84,coconut
40.11,76.51,78.7,16.58,11.46,6.46,64.16,chickpea
24.39,64.61,16.55,20.39,19.43,6.02,71.17,kidneybeans
102.98,30.52,28.49,25.57,57.81,6.73,151.99,coffee
98.19,90.62,45.78,24.89,79.73,5.98,114.24,banana
16.84,41.1,50.41,25.3,50.92,3.51,50.89,mothbeans
99.8,16.67,54.13,24.79,79.73,6.42,42.22,watermelon
96.9,70.39,49.1,22.27,81.42,5.71,106.96,banana
52.86,55.75,21.43,28.89,63.07,6.81,58.91,blackgram
111.55,26.37,31.36,24.8,51.55,6.92,138.58,coffee
24.88,57.24,20.57,24.36,51.8,5.67,156.29,pigeonpeas
80.72,46.95,43.1,27.42,78.84,6.44,189.9,jute
41.09,69.38,12.01,28.92,64.73,7.08,79.93,blackgram
24.11,135.56,198.34,23.25,90.47,6.27,73.13,grapes
26.77,128.21,189.57,25.23,80.9,6.25,59.94,grapes
46.29,49.34,48.35,30.03,90.26,6.24,151.76,papaya
20.59,21.33,27.43,30.08,44.91,6.26,103.1,mango
20.85,48.91,42.84,28.82,55.75,3.63,43.39,mothbeans
81.76,36.43,49.33,23.47,78.43,6.2,180.51,rice
18.03,74.22,14.97,20.63,19.88,5.62,72.9,kidneybeans
22.39,144.32,222.1,23.71,82.04,5.7,67.53,grapes
97.8,16.8,41.45,25.78,84.73,6.98,42.48,watermelon
20.78,14.83,12.48,23.92,88.65,6.83,99.73,orange
109.2,47.75,32.14,25.39,90.94,7.07,73.7,cotton
16.14,62.21,21.38,18.9,21.13,5.47,62.7,kidneybeans
8.67,64.74,22.21,30.4,45.68,5.58,167.31,pigeonpeas
21.8,77.43,15.94,27.28,50.08,5.68,135.27,pigeonpeas
49.27,73.11,81.91,17.55,13.12,6.89,90.89,chickpea
18.19,20.72,40.36,26.12,85.68,6.55,105.48,pomegranate
22.16,144.64,180.36,27.87,81.41,5.97,67.02,grapes
26.03,18.74,30.15,27.26,90.99,5.73,184.31,coconut
116.48,85.35,49.06,27.69,84.97,5.77,97.18,banana
15.53,21.57,39.27,17.56,85.8,6.63,93.04,pomegranate
86.76,38.66,34.47,25.57,82.18,6.0,199.52,rice
97.84,81.84,61.72,28.37,86.14,6.18,96.46,banana
97.89,77.35,46.38,27.0,75.76,5.85,98.81,banana
107.56,78.68,38.76,31.09,76.01,5.68,118.24,banana
112.89,39.22,19.28,22.36,75.78,6.68,104.85,cotton
101.19,18.72,56.99,27.38,83.38,6.47,55.37,watermelon
15.02,48.16,17.57,25.97,81.98,6.73,42.55,mungbean
22.43,32.87,29.88,36.2,41.38,6.21,106.67,mango
23.74,21.49,46.75,22.05,90.96,7.0,125.72,pomegranate
110.61,12.48,50.05,26.62,91.38,6.42,28.35,muskmelon
18.21,14.2,13.71,22.19,95.46,7.12,112.91,orange
80.86,48.38,14.87,23.99,62.53,6.03,55.72,maize
98.72,85.71,58.73,29.06,74.36,6.13,115.21,banana
71.73,50.24,49.33,24.35,83.36,7.07,193.31,jute
98.54,28.07,26.41,28.3,57.4,6.42,144.26,coffee
36.93,62.72,16.55,32.24,66.07,6.95,66.9,blackgram
23.0,46.4,40.25,28.64,48.04,3.31,51.51,mothbeans
93.01,12.82,45.6,27.65,92.21,6.22,13.22,muskmelon
41.53,69.94,24.66,30.89,63.49,6.87,70.39,blackgram
30.93,139.06,205.01,22.03,82.71,5.78,81.67,grapes
21.53,125.83,206.88,26.98,83.17,6.28,63.79,grapes
123.71,53.42,8.58,24.22,73.06,7.63,75.32,cotton
24.52,143.74,203.18,22.7,83.65,5.59,58.19,grapes
28.19,63.63,18.39,31.98,43.84,5.53,147.79,pigeonpeas
15.13,19.76,7.71,18.41,92.48,6.92,96.68,orange
16.62,37.5,44.54,27.83,55.74,3.78,49.52,mothbeans
18.59,28.3,32.32,33.42,49.88,6.49,104.08,mango
72.81,46.06,40.14,23.76,78.52,6.63,189.58,jute
18.92,27.87,26.7,32.41,49.61,5.92,91.38,mango
16.86,72.49,19.11,25.32,72.83,7.21,45.75,lentil
20.29,38.53,41.52,26.16,59.2,3.38,58.55,mothbeans
11.08,48.13,17.75,26.89,88.09,6.95,45.82,mungbean
41.47,59.73,46.98,35.26,90.23,6.47,115.68,papaya
19.62,18.96,14.47,21.4,92.53,7.5,84.51,orange
97.53,69.37,50.83,23.23,80.21,6.26,99.28,banana
21.38,13.12,22.98,26.58,93.36,5.78,179.01,coconut
15.68,22.29,28.31,30.02,47.31,6.14,95.79,mango
46.46,63.25,24.26,30.42,65.2,7.75,57.44,blackgram
86.68,48.98,24.13,19.03,66.34,6.77,60.82,maize
102.75,20.32,48.77,25.32,93.22,6.47,25.36,muskmelon
41.09,64.77,18.2,30.74,71.2,6.41,64.31,blackgram
82.44,53.43,45.59,26.0,84.35,6.19,165.61,jute
90.2,89.06,46.5,24.83,80.12,5.81,122.8,banana
18.16,11.86,11.24,23.05,87.22,6.75,101.71,orange
21.31,75.21,19.66,22.32,51.82,7.11,38.48,lentil
73.39,47.83,20.94,25.1,60.01,6.8,57.86,maize
22.18,36.14,19.97,28.32,85.17,6.99,51.37,mungbean
127.88,42.67,17.19,28.62,77.19,7.12,85.62,cotton
117.5,48.18,15.69,22.49,81.96,7.62,90.03,cotton
102.46,30.6,31.66,26.55,56.16,6.56,131.09,coffee
16.95,42.61,20.4,28.96,90.49,6.45,44.02,mungbean
24.89,72.48,17.5,16.36,20.19,5.46,64.36,kidneybeans
37.19,65.95,70.58,16.39,18.89,7.48,67.66,chickpea
24.77,52.11,23.68,27.08,82.76,6.42,49.57,mungbean
16.89,13.26,35.91,22.78,91.75,6.7,120.88,pomegranate
17.41,62.79,20.71,23.34,61.41,7.16,45.24,lentil
16.9,79.94,19.54,23.45,59.82,7.23,51.94,lentil
75.09,50.46,34.97,21.79,85.47,6.24,212.48,rice
103.45,15.5,40.63,24.1,86.22,6.8,40.63,watermelon
72.79,53.46,30.61,21.79,78.05,6.76,203.66,jute
16.62,16.71,33.49,21.14,92.89,7.09,118.52,pomegranate
23.61,68.17,16.59,21.71,69.45,6.73,45.35,lentil
37.38,63.18,22.5,28.58,69.22,6.89,48.24,blackgram
28.53,143.13,208.52,25.28,86.09,6.1,75.46,grapes
25.14,26.77,30.57,31.95,55.85,5.5,100.85,mango
76.4,38.54,36.99,24.85,81.96,5.68,216.45,rice
72.33,46.83,33.32,23.68,84.89,6.72,141.17,jute
87.0,78.66,50.2,29.27,81.6,6.09,91.47,banana
120.98,46.85,20.15,27.35,79.85,7.13,100.52,cotton
78.4,48.15,38.27,23.25,86.74,7.42,177.58,jute
30.59,64.26,79.46,18.32,12.92,7.38,71.34,chickpea
17.74,14.95,32.6,26.31,96.16,5.6,152.47,coconut
16.88,48.02,18.17,28.37,90.53,6.78,52.07,mungbean
23.42,75.25,24.28,26.54,49.81,5.31,158.59,pigeonpeas
97.53,84.43,49.79,25.29,85.16,6.02,129.58,banana
97.51,85.66,49.76,28.59,85.4,6.32,110.65,banana
16.11,74.22,22.68,23.33,55.03,6.73,40.2,lentil
18.99,52.15,23.19,28.03,83.08,6.79,48.16,mungbean
49.9,62.05,49.82,33.26,91.18,6.52,157.81,papaya
22.86,70.59,21.75,19.04,23.69,5.88,61.46,kidneybeans
113.06,12.58,53.67,23.85,83.99,6.4,43.57,watermelon
23.59,16.13,30.66,25.59,97.48,6.75,169.99,coconut
21.85,77.12,14.55,19.38,18.35,5.83,65.19,kidneybeans
77.77,47.14,23.53,23.3,57.12,6.94,73.8,maize
13.79,21.39,29.66,35.51,48.99,5.95,80.58,mango
19.12,132.09,193.34,22.02,83.22,6.16,81.09,grapes
17.93,44.56,55.85,25.15,43.74,3.74,44.57,mothbeans
50.64,64.09,47.69,36.15,94.22,7.02,136.1,papaya
21.67,17.26,10.36,23.32,90.91,6.58,118.68,orange
81.87,47.38,44.29,22.84,81.94,5.7,199.63,rice
22.31,16.46,31.98,24.74,94.39,5.93,179.17,coconut
40.42,61.65,22.83,34.65,65.91,7.15,68.85,blackgram
17.64,62.48,21.46,24.37,61.9,6.33,56.56,lentil
97.31,11.9,51.87,25.53,85.19,6.43,47.66,watermelon
17.78,28.71,36.89,34.28,40.39,6.17,93.22,mango
23.16,26.91,22.93,36.99,58.73,6.22,87.47,mango
25.67,54.56,25.11,28.68,41.96,5.38,175.15,pigeonpeas
22.72,17.15,46.15,20.1,87.28,5.99,127.07,pomegranate
18.8,51.04,17.66,26.5,85.34,6.25,62.56,mungbean
16.29,66.84,16.61,20.15,13.86,5.59,68.01,kidneybeans
17.45,40.92,39.67,32.25,59.66,4.08,40.22,mothbeans
25.74,16.77,27.35,27.8,97.42,6.18,184.86,coconut
20.42,69.92,27.91,15.87,27.47,5.73,56.01,kidneybeans
82.84,35.4,47.75,22.22,81.03,6.24,175.38,rice
11.64,46.15,18.94,27.2,85.66,6.68,46.8,mungbean
77.99,37.63,36.73,24.77,83.21,5.62,218.36,rice
21.3,20.15,51.62,20.94,92.87,6.67,121.8,pomegranate
83.17,43.46,33.3,21.64,85.26,6.41,169.14,jute
18.28,59.87,11.48,24.59,64.7,6.81,44.15,lentil
19.43,46.69,50.15,29.74,47.28,3.75,49.48,mothbeans
17.84,64.26,23.33,25.79,49.1,6.07,142.3,pigeonpeas
12.3,17.62,33.08,23.8,92.35,6.43,97.81,pomegranate
19.91,46.61,44.94,26.37,57.12,3.57,50.14,mothbeans
39.35,62.74,15.96,28.04,64.64,7.37,59.95,blackgram
50.31,62.96,47.14,32.72,95.32,7.0,157.86,papaya
86.48,35.65,25.25,28.17,58.19,6.87,147.67,coffee
96.39,83.76,45.36,26.88,73.94,6.19,126.18,banana
18.62,23.65,33.58,32.85,50.84,6.2,94.62,mango
39.55,68.66,79.95,19.42,14.69,7.15,77.4,chickpea
94.98,19.39,53.27,28.58,94.63,6.14,24.06,muskmelon
18.93,27.67,34.24,28.61,44.94,5.42,89.51,mango
36.44,65.08,17.36,32.04,64.11,7.62,72.31,blackgram
92.49,17.35,49.85,28.64,92.23,6.41,23.44,muskmelon
21.67,58.12,24.26,28.51,54.92,5.83,166.52,pigeonpeas
87.0,52.25,18.61,21.3,63.39,7.12,63.82,maize
21.93,16.54,9.85,21.5,91.58,7.18,114.41,orange
17.33,14.87,48.92,25.36,87.35,6.74,98.83,pomegranate
17.46,14.67,10.22,20.88,89.16,7.06,122.88,orange
18.0,71.43,12.54,24.89,60.81,7.4,49.98,lentil
95.27,13.92,47.71,24.81,83.83,6.44,52.67,watermelon
22.58,35.14,28.17,28.59,83.67,6.65,49.41,mungbean
24.76,14.14,24.67,33.57,95.57,5.82,190.64,coconut
14.94,49.43,12.2,23.9,88.22,6.75,47.54,mungbean
23.62,11.42,38.47,24.55,96.05,5.6,163.86,coconut
15.51,46.21,34.59,29.11,50.26,4.08,43.8,mothbeans
17.55,44.54,43.8,30.23,53.93,3.28,65.12,mothbeans
52.41,64.21,52.76,37.79,95.27,6.83,133.42,papaya
20.5,18.6,30.64,27.18,93.77,5.47,209.89,coconut
84.51,43.96,35.45,24.4,77.79,6.18,243.81,rice
84.65,52.1,22.03,24.13,70.85,6.91,66.49,maize
101.05,17.34,54.34,25.05,82.07,6.32,34.17,watermelon
20.81,130.74,212.61,21.67,79.93,6.29,66.0,grapes
103.86,16.26,23.75,20.63,58.88,6.77,159.25,coffee
21.96,18.32,35.47,23.92,91.99,6.39,111.58,pomegranate
15.52,23.54,49.67,22.51,89.97,7.01,120.14,pomegranate
38.77,62.78,89.85,17.65,16.37,7.17,80.44,chickpea
87.18,54.09,19.15,24.98,65.74,6.4,53.87,maize
17.96,27.32,31.28,29.02,53.62,6.03,77.84,mango
12.62,21.25,30.81,23.8,88.9,6.91,91.01,pomegranate
19.5,41.68,19.96,24.62,82.64,6.8,52.83,mungbean
120.51,47.41,20.51,24.54,79.79,7.35,66.87,cotton
17.64,50.49,20.1,24.91,86.49,7.26,51.94,mungbean
81.35,48.38,22.16,20.16,65.85,6.08,58.89,maize
22.55,65.36,22.41,17.91,20.35,5.71,54.98,kidneybeans
20.21,61.7,17.13,25.43,52.89,5.07,167.3,pigeonpeas
81.36,43.21,43.34,23.56,87.33,6.8,163.84,jute
106.05,25.39,28.46,23.25,55.26,6.78,147.48,coffee
113.76,44.76,19.16,21.71,76.93,6.36,70.77,cotton
81.23,44.39,40.86,23.82,80.05,6.35,160.77,jute
122.4,41.7,16.58,19.83,78.82,6.57,80.79,cotton
23.58,38.14,46.76,24.04,53.23,4.07,42.42,mothbeans
89.03,16.36,48.49,28.17,86.2,6.55,56.7,watermelon
97.5,79.97,46.24,29.46,81.84,6.08,114.7,banana
26.36,69.87,25.6,25.32,41.17,5.66,157.54,pigeonpeas
80.08,52.99,8.41,26.18,64.3,6.83,49.6,maize
20.65,121.45,207.66,27.49,82.99,6.06,73.09,grapes
21.41,29.27,31.53,34.25,51.18,5.88,85.84,mango
80.36,52.32,39.04,23.3,81.9,5.65,222.86,rice
19.71,132.55,187.7,18.21,91.68,5.9,128.2,apple
94.66,68.55,51.23,25.45,76.8,5.85,125.94,banana
112.9,30.25,26.08,26.77,55.74,6.47,122.84,coffee
19.82,45.91,41.65,30.34,47.12,3.65,59.46,mothbeans
25.39,149.95,201.6,18.86,91.39,5.92,115.9,apple
18.62,49.45,22.75,26.32,86.2,5.99,59.54,mungbean
128.46,45.68,19.25,24.68,92.75,7.3,87.01,cotton
15.17,14.13,31.92,25.29,94.53,5.97,171.63,coconut
100.79,79.66,53.1,25.69,77.56,5.84,121.24,banana
117.85,47.5,11.08,23.73,82.25,6.85,73.66,cotton
24.52,134.25,217.49,20.95,91.13,6.04,95.52,apple
18.85,12.11,42.3,24.1,89.76,7.22,117.32,pomegranate
93.79,28.59,31.37,26.26,57.71,6.63,161.77,coffee
33.1,63.87,83.31,19.91,17.54,7.22,85.16,chickpea
15.54,14.89,0.04,20.82,91.84,7.17,106.78,orange
40.08,76.5,23.09,33.29,67.96,7.35,60.76,blackgram
108.78,46.72,15.75,25.64,80.56,6.56,80.81,cotton
39.82,58.92,84.82,16.53,13.57,7.06,91.49,chickpea
73.57,42.41,38.88,23.71,83.42,5.98,183.06,rice
86.01,50.69,42.52,25.31,81.28,7.06,197.02,jute
63.85,66.34,46.02,34.04,93.51,6.94,152.64,papaya
18.42,68.59,18.67,27.81,45.35,5.25,154.82,pigeonpeas
103.63,30.43,30.97,25.91,71.5,6.68,169.05,coffee
100.81,13.8,52.97,23.77,84.03,6.57,50.82,watermelon
36.0,64.59,74.23,18.25,20.87,7.1,77.48,chickpea
84.65,35.37,39.7,19.76,78.93,5.92,175.04,rice
19.46,19.7,11.31,20.87,87.35,6.93,122.34,orange
43.27,71.86,18.95,28.8,58.21,7.25,72.24,blackgram
112.31,76.43,57.46,27.71,72.76,6.19,103.59,banana
100.35,22.03,42.18,23.8,87.47,6.6,51.44,watermelon
23.51,59.19,26.01,27.34,46.94,5.51,145.68,pigeonpeas
111.96,45.12,19.53,24.72,79.94,6.73,60.37,cotton
72.24,47.43,35.78,23.38,76.24,6.68,191.99,jute
110.95,31.99,25.36,24.62,58.17,6.73,168.74,coffee
18.32,50.78,12.34,29.32,83.59,6.69,46.02,mungbean
89.54,79.93,50.26,23.33,85.55,6.04,109.58,banana
22.18,51.23,22.06,27.08,88.27,6.18,56.43,mungbean
77.11,54.55,45.81,24.69,82.86,6.58,175.61,jute
21.7,134.7,212.12,23.11,78.35,5.57,73.8,grapes
19.85,30.28,34.43,31.83,45.18,5.42,77.43,mango
91.19,18.91,61.61,30.12,94.83,6.37,29.84,muskmelon
17.98,129.91,209.46,24.14,91.82,6.01,102.08,apple
130.98,46.2,16.33,24.72,81.67,6.92,81.79,cotton
96.61,20.07,53.67,27.76,82.03,6.4,56.07,watermelon
104.38,30.53,30.89,25.2,61.48,5.97,156.67,coffee
17.44,67.48,18.36,25.94,66.09,6.97,34.83,lentil
18.19,15.77,5.02,23.72,86.47,7.81,128.02,orange
84.63,53.94,22.55,19.71,73.17,6.16,63.03,maize
45.94,54.84,47.54,38.35,91.2,6.97,140.36,papaya
17.29,19.4,42.6,19.84,92.99,7.04,93.44,pomegranate
57.39,52.45,52.41,36.96,93.52,6.95,154.82,papaya
17.11,27.56,33.33,32.6,42.88,6.57,88.59,mango
18.61,67.91,16.07,23.91,57.83,7.32,34.15,lentil
54.56,61.32,44.16,33.72,96.04,6.73,141.09,papaya
109.94,52.04,19.98,25.22,76.4,6.01,74.77,cotton
20.87,65.58,18.86,23.97,67.42,7.08,43.24,lentil
120.65,39.67,23.67,18.36,83.34,7.18,75.68,cotton
17.99,13.23,36.68,20.19,92.43,6.74,91.57,pomegranate
24.43,15.96,26.54,25.46,92.96,5.36,156.94,coconut
75.83,42.4,14.82,24.32,62.66,6.6,59.53,maize
78.56,38.13,43.55,23.44,80.92,6.35,178.38,rice
70.42,47.63,46.81,25.08,80.85,7.05,147.2,jute
24.78,49.79,45.26,28.46,58.37,3.57,57.23,mothbeans
16.23,31.48,33.22,32.95,50.04,5.58,104.78,mango
26.52,137.32,207.43,23.25,79.03,6.38,64.03,grapes
122.11,51.88,13.86,24.04,75.73,6.88,77.74,cotton
11.12,19.16,28.02,24.34,95.88,5.89,196.89,coconut
67.74,41.26,22.97,22.34,64.08,6.51,63.48,maize
100.86,18.33,52.17,26.49,89.75,7.05,22.58,muskmelon
101.41,10.69,46.63,26.28,90.91,6.47,24.46,muskmelon
23.67,16.56,11.88,24.74,90.72,7.33,113.3,orange
25.4,49.43,44.69,28.49,51.53,3.91,48.4,mothbeans
22.34,49.57,23.28,28.65,84.4,6.85,37.14,mungbean
117.5,55.08,24.39,25.82,83.18,7.11,91.59,cotton
20.23,13.42,8.93,18.95,91.61,6.91,113.59,orange
17.99,26.31,32.86,33.56,52.85,6.03,109.98,mango
82.99,47.26,44.8,25.15,79.7,6.26,203.67,rice
85.04,50.72,18.52,23.54,50.76,6.84,42.6,maize
23.38,66.76,14.38,27.9,56.52,6.07,149.07,pigeonpeas
21.44,32.34,27.21,33.28,47.36,6.23,80.41,mango
40.11,68.54,87.51,18.48,23.81,7.17,62.39,chickpea
92.16,26.06,27.68,28.11,62.62,7.04,167.3,coffee
22.91,14.0,5.71,21.86,91.3,6.75,109.04,orange
16.0,23.58,25.18,29.23,35.75,6.16,115.54,mango
23.25,130.79,186.1,20.37,79.46,6.27,81.56,grapes
74.96,38.45,41.66,23.98,80.56,5.94,177.87,rice
92.98,73.56,48.68,26.75,80.41,5.91,112.6,banana
73.8,40.04,38.96,23.94,82.39,6.68,186.3,jute
96.57,81.94,43.19,29.06,72.82,6.16,101.08,banana
15.38,58.24,18.44,28.32,47.52,5.58,135.81,pigeonpeas
16.91,17.59,14.07,21.0,93.06,6.69,139.35,orange
48.48,63.89,79.97,16.52,12.04,6.82,79.63,chickpea
105.24,14.98,51.68,21.87,86.22,7.09,42.04,watermelon
17.72,62.59,17.79,24.17,68.55,6.84,35.33,lentil
70.38,51.98,36.93,24.32,85.8,6.36,161.91,jute
18.43,72.36,15.25,20.93,71.9,6.72,54.09,lentil
20.75,123.84,210.56,21.78,91.77,6.07,119.01,apple
108.25,31.41,27.73,27.7,62.57,6.76,158.61,coffee
16.7,48.38,24.78,26.81,92.29,6.44,48.26,mungbean
21.09,69.76,21.36,19.78,15.69,6.01,76.7,kidneybeans
78.88,39.18,41.44,21.04,82.77,6.92,199.47,jute
51.76,55.1,50.59,33.29,93.68,6.65,145.12,papaya
36.94,68.81,73.28,18.22,15.9,6.94,78.71,chickpea
20.11,16.05,9.94,20.57,90.91,7.13,93.38,orange
92.06,20.99,41.62,23.39,90.03,6.37,39.48,watermelon
98.07,18.3,51.08,27.29,91.12,5.97,29.94,muskmelon
74.25,49.98,21.98,22.52,62.25,6.3,59.74,maize
116.53,42.56,23.39,19.26,77.88,7.15,77.06,cotton
24.4,72.31,22.13,28.72,56.81,5.7,132.27,pigeonpeas
117.21,51.14,14.17,27.27,83.61,6.88,78.51,cotton
21.3,17.47,36.7,28.12,94.8,5.97,166.3,coconut
15.22,48.43,16.62,29.11,85.9,6.12,51.37,mungbean
18.26,69.17,16.85,22.82,65.15,6.56,47.8,lentil
92.64,26.72,23.27,30.65,49.73,6.7,172.15,coffee
17.9,47.47,51.48,25.79,51.17,3.45,38.83,mothbeans
85.93,37.93,47.46,24.49,75.41,6.63,161.99,jute
111.72,44.42,10.12,25.89,83.28,6.9,64.72,cotton
20.99,21.55,39.67,21.28,93.68,6.34,112.26,pomegranate
23.36,68.04,14.83,26.94,44.96,5.68,156.39,pigeonpeas
20.6,20.44,32.04,23.74,90.46,5.88,153.17,coconut
44.44,63.95,44.22,31.78,92.73,7.18,140.71,papaya
83.8,48.8,30.07,25.55,76.91,7.03,148.98,jute
28.31,35.83,30.32,23.33,56.18,5.84,86.99,mango
77.85,58.71,26.91,22.87,65.19,6.54,66.14,maize
77.09,43.17,43.82,24.91,74.72,6.12,154.68,jute
116.58,42.0,13.05,19.81,79.48,6.77,73.24,cotton
100.89,20.45,42.13,25.82,86.74,5.88,56.39,watermelon
27.33,71.07,21.93,28.74,49.97,5.12,145.82,pigeonpeas
101.1,19.08,31.93,23.89,47.21,6.46,146.45,coffee
16.04,16.35,38.42,22.54,92.15,6.68,107.19,pomegranate
105.9,24.98,31.01,25.55,57.72,6.55,145.43,coffee
17.95,47.28,18.76,30.29,77.49,6.6,47.15,mungbean
43.39,51.74,49.56,33.53,91.17,6.67,129.46,papaya
105.0,21.57,35.99,25.87,80.72,6.65,51.02,watermelon
31.47,58.66,24.23,27.65,51.86,5.83,139.0,pigeonpeas
99.56,21.3,41.3,23.4,83.34,6.39,55.92,watermelon
76.95,44.22,22.15,20.2,65.14,6.5,70.86,maize
20.33,25.34,36.01,33.82,53.93,5.9,114.85,mango
24.78,119.22,191.35,24.82,82.23,6.36,67.55,grapes
16.66,54.12,19.63,26.22,88.99,6.51,54.08,mungbean
83.55,48.3,17.41,23.4,66.97,6.77,66.35,maize
36.31,58.86,27.09,32.51,62.1,7.08,72.17,blackgram
18.35,122.36,210.66,22.29,90.35,5.68,135.14,apple
114.86,43.63,12.05,24.68,80.6,6.45,84.53,cotton
15.58,16.42,33.39,22.82,92.0,6.3,101.54,pomegranate
88.96,51.39,18.05,26.31,61.97,6.72,62.99,maize
20.04,9.46,9.83,18.64,89.58,6.94,125.32,orange
17.08,59.35,24.86,23.88,60.26,7.03,54.34,lentil
20.36,19.04,29.28,31.69,94.27,6.22,189.49,coconut
36.73,64.02,85.87,13.73,25.41,7.32,82.23,chickpea
35.66,63.71,77.48,15.31,13.54,6.86,88.74,chickpea
40.31,62.36,18.24,27.01,72.82,6.91,63.11,blackgram
20.74,80.47,21.4,25.99,47.52,5.17,148.79,pigeonpeas
86.52,45.15,16.67,22.94,62.24,6.69,62.03,maize
24.33,118.96,205.45,22.23,79.13,5.67,76.32,grapes
36.78,71.64,79.29,18.54,20.59,7.15,85.38,chickpea
89.57,17.44,55.81,27.63,88.99,6.55,33.43,muskmelon
16.36,82.64,16.02,22.16,61.17,6.97,41.24,lentil
43.69,70.08,74.32,20.17,14.39,7.24,83.67,chickpea
103.21,19.75,48.45,26.69,89.84,6.41,19.8,muskmelon
50.57,53.79,51.85,33.23,92.87,6.69,147.11,papaya
15.61,15.8,3.33,22.67,92.9,7.5,107.67,orange
40.39,69.0,19.81,27.94,66.23,6.68,68.81,blackgram
43.0,65.37,37.24,33.2,86.01,6.45,138.64,papaya
101.13,38.79,30.25,26.29,60.19,6.62,174.41,coffee
22.7,24.53,26.82,26.86,50.77,5.98,106.36,mango
17.12,23.52,15.42,24.99,91.34,7.73,114.42,orange
103.68,17.73,44.04,27.21,91.26,5.77,20.1,muskmelon
23.03,70.06,15.93,18.51,20.84,5.66,68.34,kidneybeans
23.83,131.09,217.74,21.04,78.75,6.46,70.31,grapes
42.45,57.06,53.77,37.65,92.83,7.05,142.32,papaya
18.72,70.43,16.0,27.25,73.96,7.02,57.72,lentil
21.26,142.49,209.79,19.96,89.83,5.59,126.71,apple
17.69,51.41,20.01,28.79,83.13,6.42,44.33,mungbean
84.6,37.65,42.71,22.54,80.6,6.07,161.73,rice
16.91,55.05,20.91,29.27,83.53,6.23,43.44,mungbean
13.56,12.9,17.32,23.22,95.83,7.25,101.1,orange
28.39,139.19,199.91,24.43,81.89,6.12,50.74,grapes
75.2,42.97,46.02,23.9,81.11,6.75,155.73,jute
21.09,129.2,211.83,21.58,90.42,5.87,138.56,apple
24.33,15.31,30.93,29.29,95.58,6.14,154.31,coconut
18.92,21.44,35.41,35.2,49.79,6.65,95.91,mango
97.29,25.24,21.82,26.14,49.89,6.47,163.82,coffee
17.47,15.09,12.52,22.37,93.22,6.93,105.9,orange
117.99,51.54,15.25,21.34,74.83,6.55,85.95,cotton
20.51,45.87,25.56,29.27,90.85,6.18,47.72,mungbean
21.17,38.55,16.09,33.51,85.08,6.82,42.79,mungbean
27.75,126.47,186.16,24.99,82.91,6.12,48.86,grapes
19.01,65.21,17.41,20.49,20.28,5.51,78.21,kidneybeans
20.87,45.48,19.12,29.53,82.88,7.18,33.43,mungbean
104.33,22.96,50.62,27.57,91.48,6.34,20.86,muskmelon
93.98,19.08,62.86,29.0,88.02,6.19,25.61,muskmelon
41.55,63.72,18.06,28.12,71.6,6.91,82.53,blackgram
26.27,125.69,203.68,23.9,82.88,5.93,65.93,grapes
49.87,49.87,52.28,35.55,91.85,7.41,135.76,papaya
15.41,17.62,35.45,23.39,88.87,6.31,112.3,pomegranate
100.74,15.83,47.85,21.59,84.26,6.36,45.87,watermelon
106.54,18.51,61.53,25.97,93.65,5.91,25.79,muskmelon
94.0,15.85,52.78,32.11,93.21,6.44,27.65,muskmelon
96.52,14.14,51.81,25.65,90.01,6.65,34.5,muskmelon
81.33,50.3,41.9,23.33,79.27,6.98,150.11,jute
25.09,138.71,190.52,22.06,90.21,5.75,108.34,apple
18.91,20.53,1.1,23.02,93.44,7.34,109.22,orange
99.84,20.13,52.92,24.13,80.77,6.58,38.06,watermelon
110.18,23.43,31.0,22.5,58.47,6.92,151.78,coffee
102.87,26.96,22.75,24.06,52.27,6.5,155.5,coffee
20.26,17.78,13.78,25.73,92.25,7.33,105.78,orange
98.15,74.85,61.66,25.48,82.65,6.32,98.34,banana
43.45,72.44,21.77,30.55,61.01,7.0,62.67,blackgram
20.71,107.0,193.6,23.53,91.22,5.66,102.5,apple
29.16,14.79,29.26,25.46,92.74,6.58,191.93,coconut
48.16,60.2,43.15,37.19,91.98,6.79,137.34,papaya
25.5,30.23,18.23,28.99,54.72,6.05,84.76,mango
103.2,95.73,39.42,28.56,76.35,5.99,102.03,banana
19.4,43.37,39.79,25.66,55.32,3.33,52.53,mothbeans
20.26,6.9,10.9,18.69,93.29,7.44,98.89,orange
52.22,60.14,49.61,36.59,92.81,6.45,135.79,papaya
118.83,49.49,14.57,24.52,85.27,7.07,80.58,cotton
80.64,38.73,47.52,20.35,85.27,6.37,158.53,rice
74.23,84.37,50.21,23.64,81.24,6.14,112.08,banana
24.92,42.02,33.05,27.18,57.57,3.66,53.43,mothbeans
21.66,79.01,17.93,24.22,61.92,6.9,57.26,lentil
112.68,18.74,37.54,30.43,94.18,6.19,28.59,muskmelon
14.17,14.25,42.16,25.06,96.3,5.72,184.16,coconut
106.99,82.47,51.1,25.33,73.13,6.07,115.86,banana
40.91,60.52,81.0,16.7,14.41,7.18,92.38,chickpea
9.88,65.52,20.97,16.7,22.55,5.64,82.55,kidneybeans
20.24,68.47,18.51,22.26,64.36,7.12,35.85,lentil
21.92,71.37,17.4,16.59,16.83,5.55,61.48,kidneybeans
96.37,28.3,26.49,23.54,55.96,6.49,165.25,coffee
103.6,81.37,60.65,24.04,80.56,6.02,114.76,banana
93.98,15.59,57.49,27.46,88.26,6.28,24.61,muskmelon
19.7,21.26,41.67,17.01,88.5,7.06,97.31,pomegranate
19.61,140.23,191.86,21.15,89.38,5.87,118.9,apple
25.5,15.28,33.07,26.61,94.07,5.76,171.73,coconut
15.57,69.83,16.78,25.73,64.76,6.99,38.74,lentil
54.88,52.64,53.57,30.11,91.82,7.03,137.73,papaya
21.74,47.38,41.02,28.85,59.4,3.0,54.02,mothbeans
34.46,71.88,24.6,28.74,64.61,6.69,65.97,blackgram
19.06,21.21,26.1,24.32,97.06,6.26,182.78,coconut
34.77,69.68,84.93,19.44,18.99,6.77,65.78,chickpea
74.27,53.68,46.49,26.23,87.32,7.37,171.85,jute
50.59,50.71,53.8,31.78,95.12,6.69,127.3,papaya
18.52,59.97,20.06,20.8,17.37,6.16,70.11,kidneybeans
19.54,68.07,26.31,29.97,52.35,5.56,136.66,pigeonpeas
18.64,14.95,9.46,20.57,91.28,7.61,99.05,orange
21.37,74.77,23.42,19.83,22.85,5.71,70.58,kidneybeans
16.6,145.64,216.21,20.23,93.35,5.45,131.85,apple
13.88,26.51,26.37,32.21,41.91,6.1,88.7,mango
95.04,14.54,55.79,30.45,93.9,6.46,25.46,muskmelon
72.49,53.1,40.94,24.35,84.47,6.36,170.94,jute
16.47,27.36,34.66,32.85,50.17,5.89,104.48,mango
96.34,15.87,47.19,24.02,76.76,6.62,43.24,watermelon
76.92,34.7,39.69,23.96,79.04,6.15,189.39,rice
79.15,56.66,41.23,23.58,78.87,6.36,197.61,jute
17.93,33.87,29.24,30.83,38.92,5.94,103.36,mango
22.78,61.29,19.55,26.39,46.06,5.58,142.84,pigeonpeas
24.12,63.71,23.42,16.82,24.56,5.75,70.53,kidneybeans
42.14,58.49,16.75,29.34,74.37,6.92,45.99,blackgram
38.23,60.84,22.81,33.38,74.35,7.37,66.02,blackgram
100.7,79.36,46.83,24.85,78.27,5.36,96.17,banana
18.19,66.14,14.57,24.52,73.46,6.63,38.82,lentil
21.63,61.85,14.59,15.96,25.45,5.51,80.34,kidneybeans
110.51,76.31,56.37,26.13,87.01,5.89,94.91,banana
25.57,122.19,196.4,21.99,81.38,5.89,70.77,grapes
25.32,61.02,23.57,29.79,57.15,5.58,160.68,pigeonpeas
11.74,72.87,19.9,22.45,73.49,6.93,36.71,lentil
19.61,16.26,39.61,21.88,92.48,6.38,106.38,pomegranate
119.62,49.33,21.7,22.14,80.77,7.34,77.93,cotton
47.51,65.39,77.75,20.66,17.67,7.14,101.65,chickpea
73.47,47.68,21.32,22.64,67.11,6.98,64.54,maize
20.0,140.61,190.06,20.32,90.65,5.63,124.78,apple
33.64,68.06,23.25,29.25,72.76,7.39,84.64,blackgram
26.17,144.67,208.33,22.15,92.05,6.03,110.3,apple
15.3,31.45,29.72,31.17,48.61,6.23,102.83,mango
78.79,90.2,45.57,28.37,82.96,5.74,112.93,banana
22.47,123.54,201.23,23.12,91.6,5.91,103.1,apple
130.24,50.54,23.36,22.66,83.22,7.49,73.11,cotton
76.03,44.26,36.04,22.89,83.51,6.26,175.99,rice
43.28,71.82,18.92,28.46,57.13,6.79,61.83,blackgram
106.21,21.2,53.91,27.57,92.28,5.84,24.33,muskmelon
90.06,20.47,56.35,22.51,89.07,6.46,53.35,watermelon
98.96,32.22,27.66,23.08,59.83,6.37,163.03,coffee
94.98,19.35,47.16,27.82,84.62,6.7,55.97,watermelon
79.57,45.03,46.39,22.23,77.61,6.44,169.98,jute
41.01,68.42,77.71,19.17,14.58,7.26,66.54,chickpea
73.15,42.19,45.22,21.7,76.95,7.13,179.39,jute
20.97,41.55,16.06,26.06,86.33,6.41,51.95,mungbean
16.27,132.14,219.27,23.72,81.91,6.41,64.96,grapes
82.64,40.72,36.47,26.51,76.56,6.38,153.78,jute
21.99,57.38,24.72,30.29,81.84,6.83,47.58,mungbean
25.51,151.19,205.25,17.83,90.88,5.98,109.94,apple
17.54,141.46,200.98,20.46,80.1,6.14,65.67,grapes
23.9,20.32,34.3,28.13,96.14,5.58,147.96,coconut
20.24,46.94,51.25,25.33,51.25,3.27,53.03,mothbeans
80.92,48.32,12.1,20.12,64.28,6.14,66.0,maize
20.06,19.15,31.24,30.22,96.39,5.76,142.69,coconut
16.21,13.51,39.94,21.65,88.69,6.83,97.99,pomegranate
73.72,47.64,38.87,22.42,75.72,6.42,194.54,jute
94.12,73.6,37.08,26.94,77.75,5.57,119.27,banana
24.49,78.6,20.78,26.19,40.26,5.78,166.56,pigeonpeas
44.79,76.04,21.02,27.89,64.72,7.09,88.68,blackgram
72.08,42.61,41.48,23.25,83.04,5.8,204.65,rice
26.09,70.68,27.13,24.69,45.38,5.48,160.82,pigeonpeas
17.47,19.38,29.65,35.42,54.02,6.66,103.82,mango
18.43,16.45,35.37,18.49,87.91,6.84,98.57,pomegranate
21.78,141.39,189.94,22.8,82.78,6.0,74.85,grapes
12.59,137.7,197.69,24.27,90.66,5.74,128.47,apple
48.42,71.21,19.09,32.7,58.44,6.6,46.22,blackgram
17.34,10.4,7.72,25.46,89.02,7.0,110.41,orange
76.15,49.1,21.0,25.15,64.52,6.58,66.08,maize
113.01,28.33,27.67,26.51,57.21,7.26,154.94,coffee
101.0,18.73,54.8,29.58,91.66,6.26,36.75,muskmelon
18.72,75.98,20.92,20.0,23.66,5.83,73.39,kidneybeans
19.07,127.51,204.62,25.6,84.36,6.47,68.33,grapes
16.38,72.86,22.66,31.88,43.61,5.59,153.47,pigeonpeas
94.23,26.88,27.96,27.39,61.48,6.78,154.96,coffee
18.02,16.34,9.27,22.25,94.57,6.96,96.05,orange
105.14,75.82,47.1,26.99,79.83,6.22,80.82,banana
21.34,29.26,29.15,32.08,48.31,6.0,92.25,mango
17.07,142.21,198.77,24.08,82.2,5.76,73.56,grapes
18.75,70.0,26.48,23.45,62.41,6.93,53.57,lentil
